OB,Top,Bottom,StartIndex,BOSIndex,MitigatedIndex,Respected,StatusIndex
,,,0,0,0,,0
,,,0,0,0,,0
,,,0,0,0,,0
,,,0,0,0,,0
,,,0,0,0,,0
,,,0,0,0,,0
,,,0,0,0,,0
,,,0,0,0,,0
,,,0,0,0,,0
,,,0,0,0,,0
,,,0,0,0,,0
,,,0,0,0,,0
,,,0,0,0,,0
1.0,250.13,242.21,13,16,17,False,120
,,,0,0,0,,0
,,,0,0,0,,0
,,,0,0,0,,0
,,,0,0,0,,0
-1.0,256.54,247.88,18,22,23,False,51
,,,0,0,0,,0
,,,0,0,0,,0
,,,0,0,0,,0
,,,0,0,0,,0
,,,0,0,0,,0
,,,0,0,0,,0
,,,0,0,0,,0
,,,0,0,0,,0
,,,0,0,0,,0
,,,0,0,0,,0
,,,0,0,0,,0
,,,0,0,0,,0
,,,0,0,0,,0
,,,0,0,0,,0
1.0,246.0,241.3629,33,37,40,False,120
,,,0,0,0,,0
,,,0,0,0,,0
,,,0,0,0,,0
,,,0,0,0,,0
,,,0,0,0,,0
,,,0,0,0,,0
,,,0,0,0,,0
,,,0,0,0,,0
1.0,250.42,246.57,42,47,48,False,64
,,,0,0,0,,0
-1.0,249.61,247.27,44,46,47,False,47
,,,0,0,0,,0
,,,0,0,0,,0
,,,0,0,0,,0
,,,0,0,0,,0
,,,0,0,0,,0
,,,0,0,0,,0
,,,0,0,0,,0
,,,0,0,0,,0
,,,0,0,0,,0
-1.0,258.57,254.97,54,57,75,False,213
,,,0,0,0,,0
,,,0,0,0,,0
,,,0,0,0,,0
,,,0,0,0,,0
,,,0,0,0,,0
,,,0,0,0,,0
,,,0,0,0,,0
,,,0,0,0,,0
,,,0,0,0,,0
,,,0,0,0,,0
,,,0,0,0,,0
1.0,249.238,247.2,66,71,77,False,115
,,,0,0,0,,0
,,,0,0,0,,0
,,,0,0,0,,0
,,,0,0,0,,0
,,,0,0,0,,0
,,,0,0,0,,0
-1.0,256.0,250.82,73,77,78,False,79
,,,0,0,0,,0
1.0,256.0,247.55,75,79,80,False,114
,,,0,0,0,,0
,,,0,0,0,,0
,,,0,0,0,,0
,,,0,0,0,,0
,,,0,0,0,,0
,,,0,0,0,,0
,,,0,0,0,,0
-1.0,257.8499,255.03,83,85,86,False,213
,,,0,0,0,,0
,,,0,0,0,,0
,,,0,0,0,,0
,,,0,0,0,,0
,,,0,0,0,,0
,,,0,0,0,,0
,,,0,0,0,,0
,,,0,0,0,,0
,,,0,0,0,,0
,,,0,0,0,,0
,,,0,0,0,,0
,,,0,0,0,,0
,,,0,0,0,,0
1.0,252.9999,251.82,97,99,100,False,103
,,,0,0,0,,0
,,,0,0,0,,0
-1.0,254.2343,251.66,100,103,111,False,207
,,,0,0,0,,0
,,,0,0,0,,0
,,,0,0,0,,0
,,,0,0,0,,0
,,,0,0,0,,0
,,,0,0,0,,0
,,,0,0,0,,0
1.0,250.392,248.17,108,110,111,False,113
,,,0,0,0,,0
-1.0,251.94,248.17,110,113,114,False,207
,,,0,0,0,,0
,,,0,0,0,,0
,,,0,0,0,,0
,,,0,0,0,,0
,,,0,0,0,,0
,,,0,0,0,,0
,,,0,0,0,,0
,,,0,0,0,,0
,,,0,0,0,,0
,,,0,0,0,,0
,,,0,0,0,,0
,,,0,0,0,,0
,,,0,0,0,,0
,,,0,0,0,,0
,,,0,0,0,,0
,,,0,0,0,,0
,,,0,0,0,,0
,,,0,0,0,,0
,,,0,0,0,,0
,,,0,0,0,,0
,,,0,0,0,,0
,,,0,0,0,,0
,,,0,0,0,,0
,,,0,0,0,,0
,,,0,0,0,,0
,,,0,0,0,,0
,,,0,0,0,,0
,,,0,0,0,,0
,,,0,0,0,,0
,,,0,0,0,,0
,,,0,0,0,,0
,,,0,0,0,,0
,,,0,0,0,,0
,,,0,0,0,,0
,,,0,0,0,,0
,,,0,0,0,,0
,,,0,0,0,,0
,,,0,0,0,,0
,,,0,0,0,,0
,,,0,0,0,,0
,,,0,0,0,,0
,,,0,0,0,,0
,,,0,0,0,,0
,,,0,0,0,,0
,,,0,0,0,,0
,,,0,0,0,,0
,,,0,0,0,,0
,,,0,0,0,,0
,,,0,0,0,,0
,,,0,0,0,,0
,,,0,0,0,,0
,,,0,0,0,,0
,,,0,0,0,,0
,,,0,0,0,,0
,,,0,0,0,,0
,,,0,0,0,,0
,,,0,0,0,,0
,,,0,0,0,,0
,,,0,0,0,,0
,,,0,0,0,,0
1.0,224.25,222.8,171,174,175,True,175
,,,0,0,0,,0
,,,0,0,0,,0
,,,0,0,0,,0
,,,0,0,0,,0
,,,0,0,0,,0
,,,0,0,0,,0
,,,0,0,0,,0
,,,0,0,0,,0
,,,0,0,0,,0
,,,0,0,0,,0
,,,0,0,0,,0
,,,0,0,0,,0
,,,0,0,0,,0
,,,0,0,0,,0
,,,0,0,0,,0
,,,0,0,0,,0
,,,0,0,0,,0
,,,0,0,0,,0
-1.0,242.79,237.6511,190,196,200,False,207
,,,0,0,0,,0
,,,0,0,0,,0
,,,0,0,0,,0
,,,0,0,0,,0
,,,0,0,0,,0
,,,0,0,0,,0
,,,0,0,0,,0
,,,0,0,0,,0
,,,0,0,0,,0
,,,0,0,0,,0
1.0,238.5,235.13,201,207,0,,0
,,,0,0,0,,0
,,,0,0,0,,0
,,,0,0,0,,0
,,,0,0,0,,0
,,,0,0,0,,0
,,,0,0,0,,0
,,,0,0,0,,0
,,,0,0,0,,0
,,,0,0,0,,0
,,,0,0,0,,0
,,,0,0,0,,0
,,,0,0,0,,0
,,,0,0,0,,0
,,,0,0,0,,0
,,,0,0,0,,0
,,,0,0,0,,0
,,,0,0,0,,0
,,,0,0,0,,0
,,,0,0,0,,0
,,,0,0,0,,0
,,,0,0,0,,0
,,,0,0,0,,0
,,,0,0,0,,0
,,,0,0,0,,0
-1.0,258.19,256.1763,226,229,235,False,258
,,,0,0,0,,0
,,,0,0,0,,0
,,,0,0,0,,0
,,,0,0,0,,0
,,,0,0,0,,0
,,,0,0,0,,0
,,,0,0,0,,0
,,,0,0,0,,0
,,,0,0,0,,0
,,,0,0,0,,0
,,,0,0,0,,0
,,,0,0,0,,0
,,,0,0,0,,0
,,,0,0,0,,0
,,,0,0,0,,0
1.0,255.4,252.47,242,246,247,True,247
,,,0,0,0,,0
,,,0,0,0,,0
,,,0,0,0,,0
,,,0,0,0,,0
,,,0,0,0,,0
,,,0,0,0,,0
,,,0,0,0,,0
,,,0,0,0,,0
,,,0,0,0,,0
,,,0,0,0,,0
,,,0,0,0,,0
,,,0,0,0,,0
,,,0,0,0,,0
,,,0,0,0,,0
,,,0,0,0,,0
,,,0,0,0,,0
,,,0,0,0,,0
,,,0,0,0,,0
,,,0,0,0,,0
,,,0,0,0,,0
,,,0,0,0,,0
,,,0,0,0,,0
,,,0,0,0,,0
,,,0,0,0,,0
,,,0,0,0,,0
,,,0,0,0,,0
,,,0,0,0,,0
,,,0,0,0,,0
,,,0,0,0,,0
,,,0,0,0,,0
,,,0,0,0,,0
,,,0,0,0,,0
,,,0,0,0,,0
,,,0,0,0,,0
,,,0,0,0,,0
,,,0,0,0,,0
,,,0,0,0,,0
,,,0,0,0,,0
,,,0,0,0,,0
,,,0,0,0,,0
,,,0,0,0,,0
,,,0,0,0,,0
,,,0,0,0,,0
,,,0,0,0,,0
-1.0,288.67,283.41,287,290,308,False,335
,,,0,0,0,,0
,,,0,0,0,,0
,,,0,0,0,,0
,,,0,0,0,,0
,,,0,0,0,,0
,,,0,0,0,,0
,,,0,0,0,,0
,,,0,0,0,,0
,,,0,0,0,,0
,,,0,0,0,,0
,,,0,0,0,,0
,,,0,0,0,,0
1.0,278.3,275.41,300,302,337,False,337
,,,0,0,0,,0
,,,0,0,0,,0
,,,0,0,0,,0
,,,0,0,0,,0
,,,0,0,0,,0
,,,0,0,0,,0
,,,0,0,0,,0
,,,0,0,0,,0
,,,0,0,0,,0
,,,0,0,0,,0
,,,0,0,0,,0
,,,0,0,0,,0
,,,0,0,0,,0
,,,0,0,0,,0
,,,0,0,0,,0
,,,0,0,0,,0
,,,0,0,0,,0
,,,0,0,0,,0
,,,0,0,0,,0
,,,0,0,0,,0
,,,0,0,0,,0
,,,0,0,0,,0
,,,0,0,0,,0
,,,0,0,0,,0
,,,0,0,0,,0
,,,0,0,0,,0
,,,0,0,0,,0
,,,0,0,0,,0
,,,0,0,0,,0
,,,0,0,0,,0
,,,0,0,0,,0
,,,0,0,0,,0
,,,0,0,0,,0
-1.0,293.29,285.52,334,337,363,False,405
,,,0,0,0,,0
,,,0,0,0,,0
,,,0,0,0,,0
,,,0,0,0,,0
,,,0,0,0,,0
1.0,277.64,274.35,340,343,346,False,441
,,,0,0,0,,0
,,,0,0,0,,0
,,,0,0,0,,0
,,,0,0,0,,0
,,,0,0,0,,0
,,,0,0,0,,0
,,,0,0,0,,0
,,,0,0,0,,0
,,,0,0,0,,0
,,,0,0,0,,0
,,,0,0,0,,0
,,,0,0,0,,0
1.0,280.21,277.73,353,359,363,False,418
,,,0,0,0,,0
-1.0,281.16,278.24,355,357,358,False,359
,,,0,0,0,,0
,,,0,0,0,,0
,,,0,0,0,,0
,,,0,0,0,,0
,,,0,0,0,,0
,,,0,0,0,,0
,,,0,0,0,,0
,,,0,0,0,,0
,,,0,0,0,,0
,,,0,0,0,,0
,,,0,0,0,,0
,,,0,0,0,,0
,,,0,0,0,,0
,,,0,0,0,,0
,,,0,0,0,,0
,,,0,0,0,,0
-1.0,286.81,283.63,372,375,376,False,397
,,,0,0,0,,0
,,,0,0,0,,0
1.0,284.3364,282.52,375,377,378,False,379
-1.0,285.76,282.52,376,379,380,False,394
,,,0,0,0,,0
,,,0,0,0,,0
,,,0,0,0,,0
,,,0,0,0,,0
,,,0,0,0,,0
,,,0,0,0,,0
,,,0,0,0,,0
,,,0,0,0,,0
,,,0,0,0,,0
1.0,284.58,279.81,386,389,390,False,416
,,,0,0,0,,0
,,,0,0,0,,0
,,,0,0,0,,0
,,,0,0,0,,0
,,,0,0,0,,0
,,,0,0,0,,0
,,,0,0,0,,0
,,,0,0,0,,0
,,,0,0,0,,0
,,,0,0,0,,0
,,,0,0,0,,0
,,,0,0,0,,0
,,,0,0,0,,0
,,,0,0,0,,0
,,,0,0,0,,0
,,,0,0,0,,0
,,,0,0,0,,0
-1.0,294.78,290.68,404,411,519,False,519
,,,0,0,0,,0
,,,0,0,0,,0
,,,0,0,0,,0
,,,0,0,0,,0
,,,0,0,0,,0
,,,0,0,0,,0
,,,0,0,0,,0
,,,0,0,0,,0
,,,0,0,0,,0
,,,0,0,0,,0
,,,0,0,0,,0
,,,0,0,0,,0
,,,0,0,0,,0
,,,0,0,0,,0
,,,0,0,0,,0
,,,0,0,0,,0
1.0,277.58,274.8,421,427,441,False,441
,,,0,0,0,,0
,,,0,0,0,,0
,,,0,0,0,,0
,,,0,0,0,,0
,,,0,0,0,,0
,,,0,0,0,,0
,,,0,0,0,,0
,,,0,0,0,,0
,,,0,0,0,,0
,,,0,0,0,,0
,,,0,0,0,,0
,,,0,0,0,,0
,,,0,0,0,,0
,,,0,0,0,,0
,,,0,0,0,,0
-1.0,282.73,280.59,437,440,493,False,493
,,,0,0,0,,0
,,,0,0,0,,0
,,,0,0,0,,0
,,,0,0,0,,0
,,,0,0,0,,0
,,,0,0,0,,0
,,,0,0,0,,0
,,,0,0,0,,0
,,,0,0,0,,0
,,,0,0,0,,0
,,,0,0,0,,0
,,,0,0,0,,0
,,,0,0,0,,0
,,,0,0,0,,0
,,,0,0,0,,0
,,,0,0,0,,0
,,,0,0,0,,0
1.0,274.55,272.75,455,460,462,False,485
,,,0,0,0,,0
,,,0,0,0,,0
,,,0,0,0,,0
,,,0,0,0,,0
,,,0,0,0,,0
,,,0,0,0,,0
-1.0,277.92,274.35,462,472,474,False,493
,,,0,0,0,,0
,,,0,0,0,,0
,,,0,0,0,,0
,,,0,0,0,,0
,,,0,0,0,,0
,,,0,0,0,,0
,,,0,0,0,,0
,,,0,0,0,,0
,,,0,0,0,,0
,,,0,0,0,,0
,,,0,0,0,,0
1.0,274.54,272.1301,474,481,484,False,485
,,,0,0,0,,0
,,,0,0,0,,0
,,,0,0,0,,0
-1.0,275.99,272.25,478,485,486,False,491
,,,0,0,0,,0
,,,0,0,0,,0
,,,0,0,0,,0
,,,0,0,0,,0
,,,0,0,0,,0
,,,0,0,0,,0
,,,0,0,0,,0
,,,0,0,0,,0
,,,0,0,0,,0
1.0,275.86,272.5001,488,491,492,True,492
,,,0,0,0,,0
,,,0,0,0,,0
,,,0,0,0,,0
,,,0,0,0,,0
,,,0,0,0,,0
,,,0,0,0,,0
,,,0,0,0,,0
,,,0,0,0,,0
,,,0,0,0,,0
,,,0,0,0,,0
,,,0,0,0,,0
,,,0,0,0,,0
,,,0,0,0,,0
,,,0,0,0,,0
,,,0,0,0,,0
,,,0,0,0,,0
-1.0,288.68,286.7816,505,507,508,False,516
,,,0,0,0,,0
,,,0,0,0,,0
,,,0,0,0,,0
,,,0,0,0,,0
,,,0,0,0,,0
-1.0,289.79,286.9622,511,518,1008,False,519
1.0,288.5599,286.83,512,516,517,False,518
,,,0,0,0,,0
1.0,289.08,284.61,514,519,1008,False,1009
,,,0,0,0,,0
,,,0,0,0,,0
,,,0,0,0,,0
,,,0,0,0,,0
,,,0,0,0,,0
,,,0,0,0,,0
,,,0,0,0,,0
,,,0,0,0,,0
,,,0,0,0,,0
-1.0,303.2729,298.45,524,529,532,False,545
,,,0,0,0,,0
,,,0,0,0,,0
,,,0,0,0,,0
,,,0,0,0,,0
,,,0,0,0,,0
,,,0,0,0,,0
,,,0,0,0,,0
1.0,298.6,296.9,532,535,538,False,539
-1.0,301.08,296.9,533,539,540,False,545
,,,0,0,0,,0
,,,0,0,0,,0
,,,0,0,0,,0
1.0,301.08,296.51,537,545,1005,False,1007
,,,0,0,0,,0
,,,0,0,0,,0
,,,0,0,0,,0
,,,0,0,0,,0
,,,0,0,0,,0
,,,0,0,0,,0
,,,0,0,0,,0
,,,0,0,0,,0
,,,0,0,0,,0
,,,0,0,0,,0
,,,0,0,0,,0
,,,0,0,0,,0
,,,0,0,0,,0
,,,0,0,0,,0
,,,0,0,0,,0
,,,0,0,0,,0
-1.0,320.49,317.51,554,564,565,False,572
,,,0,0,0,,0
,,,0,0,0,,0
,,,0,0,0,,0
,,,0,0,0,,0
,,,0,0,0,,0
,,,0,0,0,,0
,,,0,0,0,,0
,,,0,0,0,,0
,,,0,0,0,,0
,,,0,0,0,,0
,,,0,0,0,,0
,,,0,0,0,,0
,,,0,0,0,,0
1.0,318.0918,316.14,568,570,571,False,987
,,,0,0,0,,0
,,,0,0,0,,0
,,,0,0,0,,0
,,,0,0,0,,0
,,,0,0,0,,0
,,,0,0,0,,0
,,,0,0,0,,0
,,,0,0,0,,0
,,,0,0,0,,0
,,,0,0,0,,0
,,,0,0,0,,0
,,,0,0,0,,0
,,,0,0,0,,0
,,,0,0,0,,0
,,,0,0,0,,0
,,,0,0,0,,0
,,,0,0,0,,0
,,,0,0,0,,0
,,,0,0,0,,0
,,,0,0,0,,0
,,,0,0,0,,0
,,,0,0,0,,0
,,,0,0,0,,0
,,,0,0,0,,0
,,,0,0,0,,0
,,,0,0,0,,0
,,,0,0,0,,0
,,,0,0,0,,0
,,,0,0,0,,0
,,,0,0,0,,0
,,,0,0,0,,0
,,,0,0,0,,0
,,,0,0,0,,0
,,,0,0,0,,0
,,,0,0,0,,0
,,,0,0,0,,0
,,,0,0,0,,0
,,,0,0,0,,0
-1.0,349.21,346.07,607,612,614,False,674
,,,0,0,0,,0
,,,0,0,0,,0
,,,0,0,0,,0
1.0,347.74,343.24,611,615,616,False,623
,,,0,0,0,,0
,,,0,0,0,,0
,,,0,0,0,,0
,,,0,0,0,,0
,,,0,0,0,,0
,,,0,0,0,,0
,,,0,0,0,,0
-1.0,348.95,346.6001,619,621,622,False,674
,,,0,0,0,,0
,,,0,0,0,,0
,,,0,0,0,,0
,,,0,0,0,,0
,,,0,0,0,,0
,,,0,0,0,,0
1.0,341.84,334.7153,626,633,634,False,749
,,,0,0,0,,0
,,,0,0,0,,0
,,,0,0,0,,0
,,,0,0,0,,0
,,,0,0,0,,0
,,,0,0,0,,0
,,,0,0,0,,0
,,,0,0,0,,0
,,,0,0,0,,0
,,,0,0,0,,0
,,,0,0,0,,0
,,,0,0,0,,0
,,,0,0,0,,0
,,,0,0,0,,0
,,,0,0,0,,0
-1.0,344.02,341.65,642,644,645,False,649
1.0,344.02,339.6,643,649,651,False,675
,,,0,0,0,,0
,,,0,0,0,,0
,,,0,0,0,,0
,,,0,0,0,,0
,,,0,0,0,,0
,,,0,0,0,,0
,,,0,0,0,,0
,,,0,0,0,,0
,,,0,0,0,,0
,,,0,0,0,,0
,,,0,0,0,,0
,,,0,0,0,,0
,,,0,0,0,,0
,,,0,0,0,,0
,,,0,0,0,,0
,,,0,0,0,,0
,,,0,0,0,,0
,,,0,0,0,,0
,,,0,0,0,,0
,,,0,0,0,,0
,,,0,0,0,,0
,,,0,0,0,,0
,,,0,0,0,,0
,,,0,0,0,,0
,,,0,0,0,,0
,,,0,0,0,,0
,,,0,0,0,,0
,,,0,0,0,,0
,,,0,0,0,,0
-1.0,349.93,347.86,673,675,701,False,701
,,,0,0,0,,0
,,,0,0,0,,0
,,,0,0,0,,0
,,,0,0,0,,0
,,,0,0,0,,0
,,,0,0,0,,0
,,,0,0,0,,0
,,,0,0,0,,0
,,,0,0,0,,0
1.0,339.56,333.8,683,688,691,False,750
,,,0,0,0,,0
,,,0,0,0,,0
,,,0,0,0,,0
,,,0,0,0,,0
,,,0,0,0,,0
,,,0,0,0,,0
,,,0,0,0,,0
,,,0,0,0,,0
,,,0,0,0,,0
,,,0,0,0,,0
,,,0,0,0,,0
,,,0,0,0,,0
,,,0,0,0,,0
,,,0,0,0,,0
,,,0,0,0,,0
,,,0,0,0,,0
,,,0,0,0,,0
,,,0,0,0,,0
,,,0,0,0,,0
,,,0,0,0,,0
,,,0,0,0,,0
,,,0,0,0,,0
,,,0,0,0,,0
,,,0,0,0,,0
,,,0,0,0,,0
,,,0,0,0,,0
,,,0,0,0,,0
,,,0,0,0,,0
,,,0,0,0,,0
,,,0,0,0,,0
,,,0,0,0,,0
,,,0,0,0,,0
,,,0,0,0,,0
-1.0,354.9804,349.0,717,721,805,False,807
,,,0,0,0,,0
,,,0,0,0,,0
,,,0,0,0,,0
,,,0,0,0,,0
,,,0,0,0,,0
,,,0,0,0,,0
,,,0,0,0,,0
,,,0,0,0,,0
,,,0,0,0,,0
,,,0,0,0,,0
,,,0,0,0,,0
,,,0,0,0,,0
,,,0,0,0,,0
,,,0,0,0,,0
1.0,345.25,342.99,732,734,735,False,742
,,,0,0,0,,0
,,,0,0,0,,0
-1.0,347.35,343.58,735,742,760,False,805
,,,0,0,0,,0
,,,0,0,0,,0
,,,0,0,0,,0
,,,0,0,0,,0
,,,0,0,0,,0
,,,0,0,0,,0
,,,0,0,0,,0
,,,0,0,0,,0
,,,0,0,0,,0
,,,0,0,0,,0
,,,0,0,0,,0
,,,0,0,0,,0
,,,0,0,0,,0
,,,0,0,0,,0
,,,0,0,0,,0
,,,0,0,0,,0
1.0,336.78,331.39,752,754,779,False,963
,,,0,0,0,,0
,,,0,0,0,,0
,,,0,0,0,,0
,,,0,0,0,,0
,,,0,0,0,,0
,,,0,0,0,,0
,,,0,0,0,,0
,,,0,0,0,,0
,,,0,0,0,,0
,,,0,0,0,,0
,,,0,0,0,,0
,,,0,0,0,,0
,,,0,0,0,,0
,,,0,0,0,,0
,,,0,0,0,,0
,,,0,0,0,,0
,,,0,0,0,,0
,,,0,0,0,,0
-1.0,347.27,343.98,771,777,778,False,805
,,,0,0,0,,0
,,,0,0,0,,0
,,,0,0,0,,0
,,,0,0,0,,0
,,,0,0,0,,0
,,,0,0,0,,0
,,,0,0,0,,0
,,,0,0,0,,0
,,,0,0,0,,0
,,,0,0,0,,0
,,,0,0,0,,0
,,,0,0,0,,0
1.0,338.85,335.16,784,790,791,False,963
,,,0,0,0,,0
,,,0,0,0,,0
,,,0,0,0,,0
,,,0,0,0,,0
,,,0,0,0,,0
,,,0,0,0,,0
,,,0,0,0,,0
,,,0,0,0,,0
,,,0,0,0,,0
,,,0,0,0,,0
,,,0,0,0,,0
,,,0,0,0,,0
,,,0,0,0,,0
,,,0,0,0,,0
,,,0,0,0,,0
,,,0,0,0,,0
1.0,341.77,339.02,801,805,910,False,910
-1.0,341.7154,339.6335,802,804,910,False,805
,,,0,0,0,,0
,,,0,0,0,,0
,,,0,0,0,,0
,,,0,0,0,,0
,,,0,0,0,,0
,,,0,0,0,,0
,,,0,0,0,,0
,,,0,0,0,,0
,,,0,0,0,,0
,,,0,0,0,,0
,,,0,0,0,,0
,,,0,0,0,,0
,,,0,0,0,,0
,,,0,0,0,,0
,,,0,0,0,,0
,,,0,0,0,,0
,,,0,0,0,,0
,,,0,0,0,,0
-1.0,363.79,360.9,821,825,826,False,831
,,,0,0,0,,0
1.0,363.79,357.8,823,831,832,False,856
,,,0,0,0,,0
,,,0,0,0,,0
,,,0,0,0,,0
,,,0,0,0,,0
,,,0,0,0,,0
,,,0,0,0,,0
,,,0,0,0,,0
,,,0,0,0,,0
,,,0,0,0,,0
,,,0,0,0,,0
,,,0,0,0,,0
,,,0,0,0,,0
,,,0,0,0,,0
,,,0,0,0,,0
,,,0,0,0,,0
,,,0,0,0,,0
-1.0,363.99,360.91,840,852,857,False,857
,,,0,0,0,,0
,,,0,0,0,,0
,,,0,0,0,,0
,,,0,0,0,,0
,,,0,0,0,,0
,,,0,0,0,,0
,,,0,0,0,,0
,,,0,0,0,,0
1.0,363.99,355.91,849,857,858,False,884
,,,0,0,0,,0
,,,0,0,0,,0
,,,0,0,0,,0
,,,0,0,0,,0
,,,0,0,0,,0
,,,0,0,0,,0
,,,0,0,0,,0
,,,0,0,0,,0
,,,0,0,0,,0
,,,0,0,0,,0
,,,0,0,0,,0
,,,0,0,0,,0
,,,0,0,0,,0
,,,0,0,0,,0
-1.0,364.38,361.89,864,866,867,False,2733
,,,0,0,0,,0
,,,0,0,0,,0
,,,0,0,0,,0
,,,0,0,0,,0
,,,0,0,0,,0
,,,0,0,0,,0
,,,0,0,0,,0
,,,0,0,0,,0
,,,0,0,0,,0
,,,0,0,0,,0
,,,0,0,0,,0
,,,0,0,0,,0
,,,0,0,0,,0
,,,0,0,0,,0
,,,0,0,0,,0
1.0,359.35,353.82,880,886,891,False,895
,,,0,0,0,,0
,,,0,0,0,,0
,,,0,0,0,,0
,,,0,0,0,,0
,,,0,0,0,,0
,,,0,0,0,,0
,,,0,0,0,,0
-1.0,363.68,360.74,888,891,2723,False,2732
,,,0,0,0,,0
,,,0,0,0,,0
,,,0,0,0,,0
,,,0,0,0,,0
,,,0,0,0,,0
,,,0,0,0,,0
,,,0,0,0,,0
,,,0,0,0,,0
,,,0,0,0,,0
,,,0,0,0,,0
1.0,349.9,347.58,899,901,902,False,908
,,,0,0,0,,0
,,,0,0,0,,0
,,,0,0,0,,0
,,,0,0,0,,0
-1.0,352.43,348.45,904,908,935,False,946
,,,0,0,0,,0
,,,0,0,0,,0
,,,0,0,0,,0
,,,0,0,0,,0
,,,0,0,0,,0
,,,0,0,0,,0
,,,0,0,0,,0
,,,0,0,0,,0
,,,0,0,0,,0
,,,0,0,0,,0
,,,0,0,0,,0
,,,0,0,0,,0
,,,0,0,0,,0
,,,0,0,0,,0
,,,0,0,0,,0
,,,0,0,0,,0
,,,0,0,0,,0
,,,0,0,0,,0
1.0,338.7899,337.4,923,926,927,False,962
,,,0,0,0,,0
,,,0,0,0,,0
,,,0,0,0,,0
,,,0,0,0,,0
,,,0,0,0,,0
,,,0,0,0,,0
,,,0,0,0,,0
,,,0,0,0,,0
,,,0,0,0,,0
,,,0,0,0,,0
,,,0,0,0,,0
,,,0,0,0,,0
,,,0,0,0,,0
,,,0,0,0,,0
,,,0,0,0,,0
,,,0,0,0,,0
,,,0,0,0,,0
,,,0,0,0,,0
,,,0,0,0,,0
,,,0,0,0,,0
-1.0,355.4,349.86,944,953,957,False,1279
,,,0,0,0,,0
,,,0,0,0,,0
,,,0,0,0,,0
,,,0,0,0,,0
,,,0,0,0,,0
,,,0,0,0,,0
,,,0,0,0,,0
,,,0,0,0,,0
,,,0,0,0,,0
,,,0,0,0,,0
,,,0,0,0,,0
,,,0,0,0,,0
,,,0,0,0,,0
,,,0,0,0,,0
,,,0,0,0,,0
,,,0,0,0,,0
,,,0,0,0,,0
,,,0,0,0,,0
,,,0,0,0,,0
,,,0,0,0,,0
1.0,332.9387,329.5,965,967,969,False,987
,,,0,0,0,,0
,,,0,0,0,,0
,,,0,0,0,,0
,,,0,0,0,,0
,,,0,0,0,,0
,,,0,0,0,,0
,,,0,0,0,,0
,,,0,0,0,,0
,,,0,0,0,,0
,,,0,0,0,,0
,,,0,0,0,,0
,,,0,0,0,,0
,,,0,0,0,,0
,,,0,0,0,,0
-1.0,335.3,332.38,980,986,1091,False,1274
,,,0,0,0,,0
,,,0,0,0,,0
,,,0,0,0,,0
,,,0,0,0,,0
,,,0,0,0,,0
,,,0,0,0,,0
,,,0,0,0,,0
,,,0,0,0,,0
,,,0,0,0,,0
1.0,318.97,314.5501,990,992,993,False,998
-1.0,322.98,314.5501,991,998,1065,False,1086
,,,0,0,0,,0
,,,0,0,0,,0
,,,0,0,0,,0
,,,0,0,0,,0
,,,0,0,0,,0
,,,0,0,0,,0
,,,0,0,0,,0
,,,0,0,0,,0
,,,0,0,0,,0
,,,0,0,0,,0
,,,0,0,0,,0
,,,0,0,0,,0
,,,0,0,0,,0
,,,0,0,0,,0
,,,0,0,0,,0
,,,0,0,0,,0
,,,0,0,0,,0
,,,0,0,0,,0
,,,0,0,0,,0
1.0,288.3693,281.2001,1011,1013,1039,True,1039
,,,0,0,0,,0
,,,0,0,0,,0
,,,0,0,0,,0
,,,0,0,0,,0
,,,0,0,0,,0
,,,0,0,0,,0
,,,0,0,0,,0
,,,0,0,0,,0
,,,0,0,0,,0
,,,0,0,0,,0
,,,0,0,0,,0
,,,0,0,0,,0
-1.0,302.05,300.05,1024,1036,1056,False,1062
,,,0,0,0,,0
,,,0,0,0,,0
,,,0,0,0,,0
,,,0,0,0,,0
,,,0,0,0,,0
,,,0,0,0,,0
,,,0,0,0,,0
,,,0,0,0,,0
,,,0,0,0,,0
,,,0,0,0,,0
,,,0,0,0,,0
,,,0,0,0,,0
,,,0,0,0,,0
,,,0,0,0,,0
,,,0,0,0,,0
,,,0,0,0,,0
,,,0,0,0,,0
,,,0,0,0,,0
,,,0,0,0,,0
,,,0,0,0,,0
,,,0,0,0,,0
,,,0,0,0,,0
,,,0,0,0,,0
1.0,295.99,293.68,1048,1051,1054,False,1495
,,,0,0,0,,0
,,,0,0,0,,0
,,,0,0,0,,0
,,,0,0,0,,0
,,,0,0,0,,0
,,,0,0,0,,0
,,,0,0,0,,0
,,,0,0,0,,0
,,,0,0,0,,0
,,,0,0,0,,0
,,,0,0,0,,0
,,,0,0,0,,0
,,,0,0,0,,0
,,,0,0,0,,0
,,,0,0,0,,0
,,,0,0,0,,0
,,,0,0,0,,0
,,,0,0,0,,0
,,,0,0,0,,0
,,,0,0,0,,0
,,,0,0,0,,0
,,,0,0,0,,0
,,,0,0,0,,0
,,,0,0,0,,0
,,,0,0,0,,0
,,,0,0,0,,0
,,,0,0,0,,0
-1.0,319.58,317.62,1076,1078,1079,False,1080
1.0,319.58,315.75,1077,1080,1081,False,1143
,,,0,0,0,,0
,,,0,0,0,,0
,,,0,0,0,,0
,,,0,0,0,,0
,,,0,0,0,,0
,,,0,0,0,,0
,,,0,0,0,,0
,,,0,0,0,,0
,,,0,0,0,,0
,,,0,0,0,,0
,,,0,0,0,,0
,,,0,0,0,,0
,,,0,0,0,,0
,,,0,0,0,,0
,,,0,0,0,,0
,,,0,0,0,,0
,,,0,0,0,,0
,,,0,0,0,,0
,,,0,0,0,,0
-1.0,333.542,329.94,1097,1100,1101,False,1273
,,,0,0,0,,0
,,,0,0,0,,0
,,,0,0,0,,0
-1.0,331.3095,326.03,1101,1108,1109,False,1158
,,,0,0,0,,0
1.0,330.0,328.57,1103,1105,1106,False,1108
,,,0,0,0,,0
,,,0,0,0,,0
,,,0,0,0,,0
,,,0,0,0,,0
,,,0,0,0,,0
,,,0,0,0,,0
,,,0,0,0,,0
,,,0,0,0,,0
,,,0,0,0,,0
,,,0,0,0,,0
1.0,325.79,322.77,1114,1118,1119,False,1135
-1.0,329.3528,323.22,1115,1117,1118,False,1127
,,,0,0,0,,0
,,,0,0,0,,0
,,,0,0,0,,0
,,,0,0,0,,0
,,,0,0,0,,0
,,,0,0,0,,0
,,,0,0,0,,0
,,,0,0,0,,0
-1.0,332.55,325.4,1124,1130,1131,False,1273
,,,0,0,0,,0
,,,0,0,0,,0
,,,0,0,0,,0
,,,0,0,0,,0
,,,0,0,0,,0
,,,0,0,0,,0
,,,0,0,0,,0
,,,0,0,0,,0
,,,0,0,0,,0
,,,0,0,0,,0
,,,0,0,0,,0
,,,0,0,0,,0
,,,0,0,0,,0
,,,0,0,0,,0
,,,0,0,0,,0
1.0,319.9399,313.61,1140,1151,1152,False,1429
,,,0,0,0,,0
,,,0,0,0,,0
,,,0,0,0,,0
,,,0,0,0,,0
,,,0,0,0,,0
,,,0,0,0,,0
,,,0,0,0,,0
,,,0,0,0,,0
,,,0,0,0,,0
,,,0,0,0,,0
,,,0,0,0,,0
,,,0,0,0,,0
,,,0,0,0,,0
,,,0,0,0,,0
,,,0,0,0,,0
,,,0,0,0,,0
,,,0,0,0,,0
,,,0,0,0,,0
,,,0,0,0,,0
,,,0,0,0,,0
,,,0,0,0,,0
,,,0,0,0,,0
,,,0,0,0,,0
,,,0,0,0,,0
,,,0,0,0,,0
,,,0,0,0,,0
,,,0,0,0,,0
,,,0,0,0,,0
,,,0,0,0,,0
,,,0,0,0,,0
,,,0,0,0,,0
,,,0,0,0,,0
,,,0,0,0,,0
,,,0,0,0,,0
,,,0,0,0,,0
,,,0,0,0,,0
,,,0,0,0,,0
,,,0,0,0,,0
,,,0,0,0,,0
,,,0,0,0,,0
,,,0,0,0,,0
,,,0,0,0,,0
,,,0,0,0,,0
-1.0,330.2999,328.7501,1184,1186,1188,False,1188
,,,0,0,0,,0
1.0,330.2999,327.21,1186,1188,1189,False,1195
,,,0,0,0,,0
,,,0,0,0,,0
,,,0,0,0,,0
,,,0,0,0,,0
-1.0,329.97,327.891,1191,1195,1230,False,1273
,,,0,0,0,,0
,,,0,0,0,,0
,,,0,0,0,,0
,,,0,0,0,,0
,,,0,0,0,,0
,,,0,0,0,,0
,,,0,0,0,,0
,,,0,0,0,,0
,,,0,0,0,,0
,,,0,0,0,,0
,,,0,0,0,,0
,,,0,0,0,,0
,,,0,0,0,,0
,,,0,0,0,,0
,,,0,0,0,,0
,,,0,0,0,,0
,,,0,0,0,,0
,,,0,0,0,,0
,,,0,0,0,,0
,,,0,0,0,,0
,,,0,0,0,,0
,,,0,0,0,,0
,,,0,0,0,,0
,,,0,0,0,,0
,,,0,0,0,,0
1.0,317.63,315.45,1217,1221,1397,False,1429
,,,0,0,0,,0
,,,0,0,0,,0
,,,0,0,0,,0
,,,0,0,0,,0
,,,0,0,0,,0
,,,0,0,0,,0
,,,0,0,0,,0
-1.0,329.3,322.25,1225,1236,1237,False,1273
,,,0,0,0,,0
,,,0,0,0,,0
,,,0,0,0,,0
,,,0,0,0,,0
,,,0,0,0,,0
,,,0,0,0,,0
,,,0,0,0,,0
,,,0,0,0,,0
,,,0,0,0,,0
,,,0,0,0,,0
1.0,324.2,320.35,1236,1239,1240,False,1250
,,,0,0,0,,0
,,,0,0,0,,0
,,,0,0,0,,0
,,,0,0,0,,0
,,,0,0,0,,0
,,,0,0,0,,0
,,,0,0,0,,0
,,,0,0,0,,0
,,,0,0,0,,0
-1.0,332.36,321.75,1246,1249,1250,False,1273
,,,0,0,0,,0
,,,0,0,0,,0
,,,0,0,0,,0
,,,0,0,0,,0
,,,0,0,0,,0
,,,0,0,0,,0
,,,0,0,0,,0
,,,0,0,0,,0
1.0,322.5,319.8035,1255,1258,1261,False,1397
,,,0,0,0,,0
,,,0,0,0,,0
,,,0,0,0,,0
,,,0,0,0,,0
,,,0,0,0,,0
,,,0,0,0,,0
,,,0,0,0,,0
,,,0,0,0,,0
,,,0,0,0,,0
,,,0,0,0,,0
,,,0,0,0,,0
,,,0,0,0,,0
,,,0,0,0,,0
,,,0,0,0,,0
,,,0,0,0,,0
,,,0,0,0,,0
,,,0,0,0,,0
,,,0,0,0,,0
,,,0,0,0,,0
,,,0,0,0,,0
,,,0,0,0,,0
,,,0,0,0,,0
,,,0,0,0,,0
,,,0,0,0,,0
,,,0,0,0,,0
,,,0,0,0,,0
-1.0,356.2493,352.62,1282,1284,1289,False,2720
,,,0,0,0,,0
,,,0,0,0,,0
,,,0,0,0,,0
1.0,351.5,347.06,1286,1289,1292,False,1299
,,,0,0,0,,0
,,,0,0,0,,0
,,,0,0,0,,0
,,,0,0,0,,0
,,,0,0,0,,0
,,,0,0,0,,0
-1.0,352.4785,349.86,1293,1296,1298,False,1299
1.0,352.4785,345.02,1294,1299,1300,False,1302
,,,0,0,0,,0
,,,0,0,0,,0
-1.0,354.0168,346.44,1297,1301,1302,False,2613
,,,0,0,0,,0
,,,0,0,0,,0
,,,0,0,0,,0
,,,0,0,0,,0
,,,0,0,0,,0
,,,0,0,0,,0
,,,0,0,0,,0
,,,0,0,0,,0
,,,0,0,0,,0
,,,0,0,0,,0
,,,0,0,0,,0
,,,0,0,0,,0
,,,0,0,0,,0
,,,0,0,0,,0
,,,0,0,0,,0
,,,0,0,0,,0
,,,0,0,0,,0
,,,0,0,0,,0
,,,0,0,0,,0
,,,0,0,0,,0
,,,0,0,0,,0
,,,0,0,0,,0
,,,0,0,0,,0
,,,0,0,0,,0
,,,0,0,0,,0
,,,0,0,0,,0
,,,0,0,0,,0
,,,0,0,0,,0
,,,0,0,0,,0
,,,0,0,0,,0
,,,0,0,0,,0
,,,0,0,0,,0
,,,0,0,0,,0
,,,0,0,0,,0
,,,0,0,0,,0
,,,0,0,0,,0
1.0,327.29,322.6,1334,1347,1348,False,1395
,,,0,0,0,,0
,,,0,0,0,,0
,,,0,0,0,,0
,,,0,0,0,,0
,,,0,0,0,,0
,,,0,0,0,,0
,,,0,0,0,,0
,,,0,0,0,,0
,,,0,0,0,,0
,,,0,0,0,,0
,,,0,0,0,,0
,,,0,0,0,,0
,,,0,0,0,,0
,,,0,0,0,,0
,,,0,0,0,,0
,,,0,0,0,,0
,,,0,0,0,,0
,,,0,0,0,,0
,,,0,0,0,,0
,,,0,0,0,,0
,,,0,0,0,,0
,,,0,0,0,,0
,,,0,0,0,,0
,,,0,0,0,,0
,,,0,0,0,,0
,,,0,0,0,,0
,,,0,0,0,,0
,,,0,0,0,,0
,,,0,0,0,,0
,,,0,0,0,,0
-1.0,329.51,327.64,1365,1368,1369,False,1747
,,,0,0,0,,0
,,,0,0,0,,0
,,,0,0,0,,0
,,,0,0,0,,0
,,,0,0,0,,0
,,,0,0,0,,0
1.0,327.919,324.75,1372,1375,1376,False,1377
,,,0,0,0,,0
-1.0,328.66,324.75,1374,1377,1378,False,1730
,,,0,0,0,,0
,,,0,0,0,,0
,,,0,0,0,,0
,,,0,0,0,,0
,,,0,0,0,,0
,,,0,0,0,,0
,,,0,0,0,,0
,,,0,0,0,,0
,,,0,0,0,,0
,,,0,0,0,,0
,,,0,0,0,,0
,,,0,0,0,,0
,,,0,0,0,,0
,,,0,0,0,,0
,,,0,0,0,,0
,,,0,0,0,,0
,,,0,0,0,,0
,,,0,0,0,,0
,,,0,0,0,,0
,,,0,0,0,,0
,,,0,0,0,,0
,,,0,0,0,,0
,,,0,0,0,,0
,,,0,0,0,,0
,,,0,0,0,,0
,,,0,0,0,,0
,,,0,0,0,,0
,,,0,0,0,,0
,,,0,0,0,,0
,,,0,0,0,,0
,,,0,0,0,,0
,,,0,0,0,,0
,,,0,0,0,,0
,,,0,0,0,,0
,,,0,0,0,,0
,,,0,0,0,,0
,,,0,0,0,,0
,,,0,0,0,,0
,,,0,0,0,,0
,,,0,0,0,,0
,,,0,0,0,,0
,,,0,0,0,,0
,,,0,0,0,,0
,,,0,0,0,,0
,,,0,0,0,,0
,,,0,0,0,,0
,,,0,0,0,,0
,,,0,0,0,,0
,,,0,0,0,,0
,,,0,0,0,,0
,,,0,0,0,,0
,,,0,0,0,,0
,,,0,0,0,,0
,,,0,0,0,,0
,,,0,0,0,,0
,,,0,0,0,,0
,,,0,0,0,,0
,,,0,0,0,,0
,,,0,0,0,,0
,,,0,0,0,,0
1.0,302.28,298.45,1435,1437,1438,False,1495
,,,0,0,0,,0
,,,0,0,0,,0
,,,0,0,0,,0
-1.0,304.6267,300.2501,1439,1446,1447,False,1455
,,,0,0,0,,0
,,,0,0,0,,0
,,,0,0,0,,0
,,,0,0,0,,0
,,,0,0,0,,0
,,,0,0,0,,0
,,,0,0,0,,0
,,,0,0,0,,0
,,,0,0,0,,0
1.0,303.16,300.33,1449,1453,1454,False,1495
,,,0,0,0,,0
,,,0,0,0,,0
,,,0,0,0,,0
,,,0,0,0,,0
,,,0,0,0,,0
,,,0,0,0,,0
,,,0,0,0,,0
,,,0,0,0,,0
,,,0,0,0,,0
,,,0,0,0,,0
,,,0,0,0,,0
,,,0,0,0,,0
,,,0,0,0,,0
,,,0,0,0,,0
,,,0,0,0,,0
,,,0,0,0,,0
,,,0,0,0,,0
,,,0,0,0,,0
,,,0,0,0,,0
,,,0,0,0,,0
,,,0,0,0,,0
,,,0,0,0,,0
,,,0,0,0,,0
,,,0,0,0,,0
,,,0,0,0,,0
1.0,316.38,312.6806,1475,1481,1482,False,1495
,,,0,0,0,,0
-1.0,316.22,314.59,1477,1479,1480,False,1481
,,,0,0,0,,0
,,,0,0,0,,0
,,,0,0,0,,0
,,,0,0,0,,0
,,,0,0,0,,0
,,,0,0,0,,0
,,,0,0,0,,0
,,,0,0,0,,0
,,,0,0,0,,0
,,,0,0,0,,0
,,,0,0,0,,0
,,,0,0,0,,0
,,,0,0,0,,0
,,,0,0,0,,0
-1.0,318.0,316.2,1492,1494,1625,False,1651
,,,0,0,0,,0
,,,0,0,0,,0
,,,0,0,0,,0
,,,0,0,0,,0
,,,0,0,0,,0
,,,0,0,0,,0
,,,0,0,0,,0
,,,0,0,0,,0
,,,0,0,0,,0
,,,0,0,0,,0
1.0,293.76,292.4,1503,1505,1506,False,1507
,,,0,0,0,,0
,,,0,0,0,,0
,,,0,0,0,,0
,,,0,0,0,,0
,,,0,0,0,,0
,,,0,0,0,,0
,,,0,0,0,,0
,,,0,0,0,,0
,,,0,0,0,,0
,,,0,0,0,,0
,,,0,0,0,,0
,,,0,0,0,,0
,,,0,0,0,,0
,,,0,0,0,,0
,,,0,0,0,,0
,,,0,0,0,,0
,,,0,0,0,,0
,,,0,0,0,,0
,,,0,0,0,,0
,,,0,0,0,,0
,,,0,0,0,,0
,,,0,0,0,,0
,,,0,0,0,,0
,,,0,0,0,,0
,,,0,0,0,,0
,,,0,0,0,,0
,,,0,0,0,,0
,,,0,0,0,,0
,,,0,0,0,,0
,,,0,0,0,,0
,,,0,0,0,,0
-1.0,302.37,300.8501,1535,1537,1538,False,1539
1.0,302.37,300.43,1536,1539,1541,False,1543
-1.0,303.58,300.43,1537,1543,1573,False,1573
,,,0,0,0,,0
,,,0,0,0,,0
,,,0,0,0,,0
,,,0,0,0,,0
,,,0,0,0,,0
,,,0,0,0,,0
,,,0,0,0,,0
,,,0,0,0,,0
,,,0,0,0,,0
,,,0,0,0,,0
,,,0,0,0,,0
,,,0,0,0,,0
,,,0,0,0,,0
,,,0,0,0,,0
,,,0,0,0,,0
,,,0,0,0,,0
,,,0,0,0,,0
,,,0,0,0,,0
,,,0,0,0,,0
,,,0,0,0,,0
,,,0,0,0,,0
,,,0,0,0,,0
1.0,296.18,293.91,1560,1565,1566,True,1566
,,,0,0,0,,0
,,,0,0,0,,0
,,,0,0,0,,0
,,,0,0,0,,0
,,,0,0,0,,0
,,,0,0,0,,0
,,,0,0,0,,0
-1.0,297.82,296.0,1568,1572,1991,False,1573
,,,0,0,0,,0
1.0,297.82,295.75,1570,1573,0,,0
,,,0,0,0,,0
,,,0,0,0,,0
,,,0,0,0,,0
,,,0,0,0,,0
,,,0,0,0,,0
,,,0,0,0,,0
,,,0,0,0,,0
,,,0,0,0,,0
,,,0,0,0,,0
,,,0,0,0,,0
,,,0,0,0,,0
-1.0,304.8799,303.3,1582,1587,1588,False,1590
,,,0,0,0,,0
,,,0,0,0,,0
1.0,304.8799,301.55,1585,1590,1833,False,1844
,,,0,0,0,,0
,,,0,0,0,,0
,,,0,0,0,,0
,,,0,0,0,,0
,,,0,0,0,,0
,,,0,0,0,,0
,,,0,0,0,,0
,,,0,0,0,,0
,,,0,0,0,,0
,,,0,0,0,,0
-1.0,310.3,308.4,1596,1599,1600,False,1602
1.0,310.3,305.66,1597,1602,1603,False,1833
,,,0,0,0,,0
,,,0,0,0,,0
,,,0,0,0,,0
,,,0,0,0,,0
,,,0,0,0,,0
,,,0,0,0,,0
,,,0,0,0,,0
,,,0,0,0,,0
,,,0,0,0,,0
,,,0,0,0,,0
,,,0,0,0,,0
,,,0,0,0,,0
,,,0,0,0,,0
,,,0,0,0,,0
,,,0,0,0,,0
,,,0,0,0,,0
,,,0,0,0,,0
,,,0,0,0,,0
,,,0,0,0,,0
,,,0,0,0,,0
,,,0,0,0,,0
,,,0,0,0,,0
,,,0,0,0,,0
,,,0,0,0,,0
,,,0,0,0,,0
,,,0,0,0,,0
,,,0,0,0,,0
,,,0,0,0,,0
,,,0,0,0,,0
,,,0,0,0,,0
,,,0,0,0,,0
,,,0,0,0,,0
,,,0,0,0,,0
,,,0,0,0,,0
,,,0,0,0,,0
,,,0,0,0,,0
,,,0,0,0,,0
,,,0,0,0,,0
-1.0,316.6599,314.29,1636,1641,1642,False,1647
,,,0,0,0,,0
,,,0,0,0,,0
1.0,316.6599,312.85,1639,1647,1648,False,1672
,,,0,0,0,,0
,,,0,0,0,,0
,,,0,0,0,,0
,,,0,0,0,,0
,,,0,0,0,,0
,,,0,0,0,,0
,,,0,0,0,,0
,,,0,0,0,,0
,,,0,0,0,,0
,,,0,0,0,,0
,,,0,0,0,,0
,,,0,0,0,,0
-1.0,320.18,316.7401,1652,1655,1677,False,1683
,,,0,0,0,,0
,,,0,0,0,,0
,,,0,0,0,,0
,,,0,0,0,,0
,,,0,0,0,,0
,,,0,0,0,,0
1.0,314.87,313.4101,1659,1661,1662,False,1671
,,,0,0,0,,0
,,,0,0,0,,0
,,,0,0,0,,0
,,,0,0,0,,0
,,,0,0,0,,0
,,,0,0,0,,0
,,,0,0,0,,0
,,,0,0,0,,0
,,,0,0,0,,0
-1.0,315.24,313.34,1669,1672,1677,False,1677
1.0,315.24,310.5,1670,1677,1679,False,1833
,,,0,0,0,,0
,,,0,0,0,,0
,,,0,0,0,,0
,,,0,0,0,,0
,,,0,0,0,,0
,,,0,0,0,,0
,,,0,0,0,,0
,,,0,0,0,,0
,,,0,0,0,,0
,,,0,0,0,,0
,,,0,0,0,,0
,,,0,0,0,,0
,,,0,0,0,,0
,,,0,0,0,,0
,,,0,0,0,,0
,,,0,0,0,,0
,,,0,0,0,,0
,,,0,0,0,,0
,,,0,0,0,,0
-1.0,321.32,319.61,1690,1696,1697,False,1699
,,,0,0,0,,0
1.0,321.32,318.66,1692,1699,1703,False,1719
,,,0,0,0,,0
,,,0,0,0,,0
,,,0,0,0,,0
,,,0,0,0,,0
,,,0,0,0,,0
,,,0,0,0,,0
,,,0,0,0,,0
,,,0,0,0,,0
,,,0,0,0,,0
,,,0,0,0,,0
,,,0,0,0,,0
,,,0,0,0,,0
,,,0,0,0,,0
,,,0,0,0,,0
,,,0,0,0,,0
,,,0,0,0,,0
-1.0,323.4711,321.63,1709,1713,1718,False,1729
,,,0,0,0,,0
,,,0,0,0,,0
,,,0,0,0,,0
,,,0,0,0,,0
,,,0,0,0,,0
,,,0,0,0,,0
,,,0,0,0,,0
,,,0,0,0,,0
,,,0,0,0,,0
,,,0,0,0,,0
,,,0,0,0,,0
1.0,319.6599,318.21,1721,1729,1866,False,1833
,,,0,0,0,,0
,,,0,0,0,,0
,,,0,0,0,,0
,,,0,0,0,,0
,,,0,0,0,,0
,,,0,0,0,,0
,,,0,0,0,,0
,,,0,0,0,,0
,,,0,0,0,,0
,,,0,0,0,,0
,,,0,0,0,,0
,,,0,0,0,,0
,,,0,0,0,,0
,,,0,0,0,,0
1.0,329.1,324.8401,1736,1747,1752,False,1782
,,,0,0,0,,0
,,,0,0,0,,0
-1.0,328.85,327.46,1739,1741,1742,False,1747
,,,0,0,0,,0
,,,0,0,0,,0
,,,0,0,0,,0
,,,0,0,0,,0
,,,0,0,0,,0
,,,0,0,0,,0
,,,0,0,0,,0
,,,0,0,0,,0
,,,0,0,0,,0
,,,0,0,0,,0
,,,0,0,0,,0
,,,0,0,0,,0
,,,0,0,0,,0
,,,0,0,0,,0
,,,0,0,0,,0
,,,0,0,0,,0
,,,0,0,0,,0
-1.0,331.1599,328.5,1757,1763,1764,False,1790
,,,0,0,0,,0
,,,0,0,0,,0
,,,0,0,0,,0
,,,0,0,0,,0
,,,0,0,0,,0
,,,0,0,0,,0
,,,0,0,0,,0
,,,0,0,0,,0
,,,0,0,0,,0
,,,0,0,0,,0
1.0,329.97,328.96,1768,1773,1774,False,1777
,,,0,0,0,,0
,,,0,0,0,,0
,,,0,0,0,,0
-1.0,330.83,329.15,1772,1777,1778,False,1789
,,,0,0,0,,0
,,,0,0,0,,0
,,,0,0,0,,0
,,,0,0,0,,0
,,,0,0,0,,0
1.0,329.89,321.55,1778,1789,1793,False,1833
,,,0,0,0,,0
,,,0,0,0,,0
,,,0,0,0,,0
,,,0,0,0,,0
,,,0,0,0,,0
,,,0,0,0,,0
,,,0,0,0,,0
,,,0,0,0,,0
,,,0,0,0,,0
,,,0,0,0,,0
,,,0,0,0,,0
,,,0,0,0,,0
,,,0,0,0,,0
,,,0,0,0,,0
,,,0,0,0,,0
,,,0,0,0,,0
,,,0,0,0,,0
,,,0,0,0,,0
,,,0,0,0,,0
-1.0,335.4098,331.16,1798,1807,1808,False,2145
,,,0,0,0,,0
,,,0,0,0,,0
,,,0,0,0,,0
,,,0,0,0,,0
,,,0,0,0,,0
,,,0,0,0,,0
,,,0,0,0,,0
1.0,333.77,329.01,1806,1815,1816,False,1833
,,,0,0,0,,0
,,,0,0,0,,0
,,,0,0,0,,0
,,,0,0,0,,0
,,,0,0,0,,0
,,,0,0,0,,0
,,,0,0,0,,0
,,,0,0,0,,0
,,,0,0,0,,0
,,,0,0,0,,0
-1.0,334.95,332.84,1817,1819,1820,False,2145
,,,0,0,0,,0
,,,0,0,0,,0
,,,0,0,0,,0
,,,0,0,0,,0
,,,0,0,0,,0
1.0,331.38,329.41,1823,1825,1894,False,1833
,,,0,0,0,,0
,,,0,0,0,,0
,,,0,0,0,,0
,,,0,0,0,,0
,,,0,0,0,,0
-1.0,334.35,332.11,1829,1833,2120,False,2145
,,,0,0,0,,0
,,,0,0,0,,0
,,,0,0,0,,0
,,,0,0,0,,0
,,,0,0,0,,0
,,,0,0,0,,0
,,,0,0,0,,0
,,,0,0,0,,0
,,,0,0,0,,0
,,,0,0,0,,0
,,,0,0,0,,0
,,,0,0,0,,0
1.0,303.3799,300.41,1842,1847,1848,False,1990
,,,0,0,0,,0
,,,0,0,0,,0
,,,0,0,0,,0
,,,0,0,0,,0
,,,0,0,0,,0
,,,0,0,0,,0
,,,0,0,0,,0
,,,0,0,0,,0
,,,0,0,0,,0
,,,0,0,0,,0
,,,0,0,0,,0
,,,0,0,0,,0
,,,0,0,0,,0
,,,0,0,0,,0
,,,0,0,0,,0
,,,0,0,0,,0
,,,0,0,0,,0
,,,0,0,0,,0
,,,0,0,0,,0
,,,0,0,0,,0
,,,0,0,0,,0
,,,0,0,0,,0
,,,0,0,0,,0
,,,0,0,0,,0
,,,0,0,0,,0
,,,0,0,0,,0
,,,0,0,0,,0
,,,0,0,0,,0
,,,0,0,0,,0
,,,0,0,0,,0
,,,0,0,0,,0
-1.0,319.0,317.0,1874,1876,1877,False,1886
,,,0,0,0,,0
,,,0,0,0,,0
,,,0,0,0,,0
1.0,318.58,312.7,1878,1885,1914,False,1958
,,,0,0,0,,0
,,,0,0,0,,0
,,,0,0,0,,0
,,,0,0,0,,0
,,,0,0,0,,0
,,,0,0,0,,0
,,,0,0,0,,0
,,,0,0,0,,0
,,,0,0,0,,0
,,,0,0,0,,0
,,,0,0,0,,0
,,,0,0,0,,0
,,,0,0,0,,0
,,,0,0,0,,0
,,,0,0,0,,0
,,,0,0,0,,0
,,,0,0,0,,0
,,,0,0,0,,0
-1.0,329.31,327.845,1897,1899,1900,False,2120
,,,0,0,0,,0
,,,0,0,0,,0
,,,0,0,0,,0
,,,0,0,0,,0
,,,0,0,0,,0
,,,0,0,0,,0
,,,0,0,0,,0
,,,0,0,0,,0
,,,0,0,0,,0
,,,0,0,0,,0
,,,0,0,0,,0
,,,0,0,0,,0
,,,0,0,0,,0
,,,0,0,0,,0
,,,0,0,0,,0
,,,0,0,0,,0
,,,0,0,0,,0
,,,0,0,0,,0
,,,0,0,0,,0
,,,0,0,0,,0
,,,0,0,0,,0
,,,0,0,0,,0
,,,0,0,0,,0
,,,0,0,0,,0
,,,0,0,0,,0
,,,0,0,0,,0
,,,0,0,0,,0
1.0,321.75,320.0922,1925,1928,1929,False,1942
,,,0,0,0,,0
-1.0,324.4499,320.0922,1927,1942,1963,False,2119
,,,0,0,0,,0
,,,0,0,0,,0
,,,0,0,0,,0
,,,0,0,0,,0
,,,0,0,0,,0
,,,0,0,0,,0
,,,0,0,0,,0
,,,0,0,0,,0
,,,0,0,0,,0
,,,0,0,0,,0
,,,0,0,0,,0
,,,0,0,0,,0
,,,0,0,0,,0
,,,0,0,0,,0
,,,0,0,0,,0
,,,0,0,0,,0
,,,0,0,0,,0
,,,0,0,0,,0
,,,0,0,0,,0
,,,0,0,0,,0
,,,0,0,0,,0
,,,0,0,0,,0
,,,0,0,0,,0
,,,0,0,0,,0
,,,0,0,0,,0
,,,0,0,0,,0
,,,0,0,0,,0
,,,0,0,0,,0
,,,0,0,0,,0
1.0,317.8298,311.6174,1957,1962,1964,False,1978
,,,0,0,0,,0
,,,0,0,0,,0
,,,0,0,0,,0
,,,0,0,0,,0
,,,0,0,0,,0
,,,0,0,0,,0
,,,0,0,0,,0
,,,0,0,0,,0
,,,0,0,0,,0
,,,0,0,0,,0
,,,0,0,0,,0
,,,0,0,0,,0
,,,0,0,0,,0
,,,0,0,0,,0
-1.0,314.1,311.73,1972,1978,2017,False,2069
,,,0,0,0,,0
,,,0,0,0,,0
,,,0,0,0,,0
,,,0,0,0,,0
,,,0,0,0,,0
,,,0,0,0,,0
,,,0,0,0,,0
,,,0,0,0,,0
,,,0,0,0,,0
,,,0,0,0,,0
1.0,310.12,308.3301,1983,1986,1987,False,1988
,,,0,0,0,,0
,,,0,0,0,,0
-1.0,310.7465,309.0101,1986,1988,1998,False,2017
,,,0,0,0,,0
,,,0,0,0,,0
,,,0,0,0,,0
,,,0,0,0,,0
,,,0,0,0,,0
,,,0,0,0,,0
,,,0,0,0,,0
1.0,307.365,303.88,1994,1997,1998,False,2003
,,,0,0,0,,0
-1.0,309.31,303.88,1996,2003,2004,False,2017
,,,0,0,0,,0
,,,0,0,0,,0
,,,0,0,0,,0
,,,0,0,0,,0
,,,0,0,0,,0
,,,0,0,0,,0
,,,0,0,0,,0
,,,0,0,0,,0
,,,0,0,0,,0
,,,0,0,0,,0
,,,0,0,0,,0
,,,0,0,0,,0
,,,0,0,0,,0
1.0,304.6,301.1,2010,2015,2020,True,2020
,,,0,0,0,,0
,,,0,0,0,,0
,,,0,0,0,,0
,,,0,0,0,,0
,,,0,0,0,,0
,,,0,0,0,,0
,,,0,0,0,,0
,,,0,0,0,,0
,,,0,0,0,,0
,,,0,0,0,,0
,,,0,0,0,,0
,,,0,0,0,,0
,,,0,0,0,,0
,,,0,0,0,,0
,,,0,0,0,,0
,,,0,0,0,,0
,,,0,0,0,,0
,,,0,0,0,,0
,,,0,0,0,,0
,,,0,0,0,,0
-1.0,310.83,307.487,2031,2041,2042,False,2042
,,,0,0,0,,0
,,,0,0,0,,0
,,,0,0,0,,0
,,,0,0,0,,0
,,,0,0,0,,0
,,,0,0,0,,0
1.0,310.83,305.5,2038,2042,2043,True,2043
,,,0,0,0,,0
,,,0,0,0,,0
,,,0,0,0,,0
,,,0,0,0,,0
,,,0,0,0,,0
,,,0,0,0,,0
,,,0,0,0,,0
,,,0,0,0,,0
,,,0,0,0,,0
,,,0,0,0,,0
,,,0,0,0,,0
,,,0,0,0,,0
,,,0,0,0,,0
-1.0,307.99,306.7531,2052,2054,2055,False,2056
1.0,307.99,306.0317,2053,2056,2067,True,2067
,,,0,0,0,,0
,,,0,0,0,,0
,,,0,0,0,,0
,,,0,0,0,,0
,,,0,0,0,,0
-1.0,310.9142,309.01,2059,2066,2067,False,2067
,,,0,0,0,,0
,,,0,0,0,,0
,,,0,0,0,,0
,,,0,0,0,,0
1.0,310.625,306.99,2064,2067,0,,0
,,,0,0,0,,0
,,,0,0,0,,0
,,,0,0,0,,0
,,,0,0,0,,0
,,,0,0,0,,0
,,,0,0,0,,0
,,,0,0,0,,0
,,,0,0,0,,0
,,,0,0,0,,0
,,,0,0,0,,0
,,,0,0,0,,0
,,,0,0,0,,0
,,,0,0,0,,0
,,,0,0,0,,0
,,,0,0,0,,0
,,,0,0,0,,0
,,,0,0,0,,0
,,,0,0,0,,0
,,,0,0,0,,0
,,,0,0,0,,0
,,,0,0,0,,0
,,,0,0,0,,0
,,,0,0,0,,0
,,,0,0,0,,0
-1.0,322.4,318.8861,2089,2098,2099,False,2119
,,,0,0,0,,0
,,,0,0,0,,0
,,,0,0,0,,0
,,,0,0,0,,0
,,,0,0,0,,0
,,,0,0,0,,0
,,,0,0,0,,0
,,,0,0,0,,0
,,,0,0,0,,0
,,,0,0,0,,0
,,,0,0,0,,0
,,,0,0,0,,0
,,,0,0,0,,0
,,,0,0,0,,0
,,,0,0,0,,0
,,,0,0,0,,0
,,,0,0,0,,0
,,,0,0,0,,0
,,,0,0,0,,0
,,,0,0,0,,0
,,,0,0,0,,0
1.0,318.85,316.16,2111,2116,2117,False,2331
,,,0,0,0,,0
,,,0,0,0,,0
,,,0,0,0,,0
,,,0,0,0,,0
,,,0,0,0,,0
,,,0,0,0,,0
,,,0,0,0,,0
,,,0,0,0,,0
,,,0,0,0,,0
,,,0,0,0,,0
,,,0,0,0,,0
,,,0,0,0,,0
,,,0,0,0,,0
-1.0,334.17,331.14,2125,2128,2129,False,2145
,,,0,0,0,,0
,,,0,0,0,,0
,,,0,0,0,,0
,,,0,0,0,,0
,,,0,0,0,,0
,,,0,0,0,,0
,,,0,0,0,,0
,,,0,0,0,,0
,,,0,0,0,,0
,,,0,0,0,,0
,,,0,0,0,,0
1.0,330.45,328.9,2137,2140,2141,False,2142
-1.0,330.88,328.9,2138,2142,2144,False,2145
,,,0,0,0,,0
1.0,330.88,327.22,2140,2145,2231,False,2328
,,,0,0,0,,0
,,,0,0,0,,0
,,,0,0,0,,0
,,,0,0,0,,0
,,,0,0,0,,0
,,,0,0,0,,0
,,,0,0,0,,0
,,,0,0,0,,0
,,,0,0,0,,0
,,,0,0,0,,0
,,,0,0,0,,0
,,,0,0,0,,0
,,,0,0,0,,0
-1.0,346.64,343.4,2154,2159,2160,False,2197
,,,0,0,0,,0
,,,0,0,0,,0
,,,0,0,0,,0
,,,0,0,0,,0
,,,0,0,0,,0
,,,0,0,0,,0
,,,0,0,0,,0
,,,0,0,0,,0
,,,0,0,0,,0
,,,0,0,0,,0
,,,0,0,0,,0
1.0,344.09,338.79,2166,2171,2172,False,2172
,,,0,0,0,,0
,,,0,0,0,,0
,,,0,0,0,,0
-1.0,345.26,338.79,2170,2172,2180,False,2197
,,,0,0,0,,0
,,,0,0,0,,0
,,,0,0,0,,0
,,,0,0,0,,0
,,,0,0,0,,0
,,,0,0,0,,0
,,,0,0,0,,0
,,,0,0,0,,0
,,,0,0,0,,0
,,,0,0,0,,0
,,,0,0,0,,0
1.0,339.0,337.18,2182,2184,2185,False,2223
,,,0,0,0,,0
,,,0,0,0,,0
,,,0,0,0,,0
,,,0,0,0,,0
,,,0,0,0,,0
,,,0,0,0,,0
,,,0,0,0,,0
,,,0,0,0,,0
,,,0,0,0,,0
,,,0,0,0,,0
,,,0,0,0,,0
,,,0,0,0,,0
,,,0,0,0,,0
,,,0,0,0,,0
,,,0,0,0,,0
,,,0,0,0,,0
-1.0,346.24,343.8,2199,2202,2203,False,2418
,,,0,0,0,,0
,,,0,0,0,,0
,,,0,0,0,,0
,,,0,0,0,,0
,,,0,0,0,,0
,,,0,0,0,,0
,,,0,0,0,,0
,,,0,0,0,,0
,,,0,0,0,,0
,,,0,0,0,,0
,,,0,0,0,,0
,,,0,0,0,,0
,,,0,0,0,,0
,,,0,0,0,,0
,,,0,0,0,,0
,,,0,0,0,,0
,,,0,0,0,,0
,,,0,0,0,,0
,,,0,0,0,,0
,,,0,0,0,,0
,,,0,0,0,,0
,,,0,0,0,,0
,,,0,0,0,,0
-1.0,340.4699,334.8067,2223,2230,2245,False,2407
,,,0,0,0,,0
1.0,338.4,335.77,2225,2227,2228,False,2230
,,,0,0,0,,0
,,,0,0,0,,0
,,,0,0,0,,0
,,,0,0,0,,0
,,,0,0,0,,0
,,,0,0,0,,0
,,,0,0,0,,0
,,,0,0,0,,0
1.0,332.31,330.8517,2234,2237,2250,False,2258
,,,0,0,0,,0
,,,0,0,0,,0
,,,0,0,0,,0
,,,0,0,0,,0
,,,0,0,0,,0
,,,0,0,0,,0
,,,0,0,0,,0
,,,0,0,0,,0
,,,0,0,0,,0
,,,0,0,0,,0
,,,0,0,0,,0
,,,0,0,0,,0
,,,0,0,0,,0
-1.0,339.3,334.01,2248,2250,2251,False,2303
,,,0,0,0,,0
,,,0,0,0,,0
,,,0,0,0,,0
,,,0,0,0,,0
,,,0,0,0,,0
,,,0,0,0,,0
,,,0,0,0,,0
,,,0,0,0,,0
,,,0,0,0,,0
,,,0,0,0,,0
,,,0,0,0,,0
,,,0,0,0,,0
,,,0,0,0,,0
,,,0,0,0,,0
1.0,331.4296,328.0,2263,2275,2276,False,2327
,,,0,0,0,,0
,,,0,0,0,,0
,,,0,0,0,,0
,,,0,0,0,,0
,,,0,0,0,,0
,,,0,0,0,,0
,,,0,0,0,,0
,,,0,0,0,,0
,,,0,0,0,,0
,,,0,0,0,,0
,,,0,0,0,,0
,,,0,0,0,,0
,,,0,0,0,,0
,,,0,0,0,,0
,,,0,0,0,,0
,,,0,0,0,,0
,,,0,0,0,,0
,,,0,0,0,,0
,,,0,0,0,,0
,,,0,0,0,,0
,,,0,0,0,,0
,,,0,0,0,,0
,,,0,0,0,,0
,,,0,0,0,,0
,,,0,0,0,,0
,,,0,0,0,,0
,,,0,0,0,,0
,,,0,0,0,,0
,,,0,0,0,,0
,,,0,0,0,,0
,,,0,0,0,,0
,,,0,0,0,,0
,,,0,0,0,,0
,,,0,0,0,,0
-1.0,340.55,334.48,2298,2305,2306,False,2407
,,,0,0,0,,0
,,,0,0,0,,0
,,,0,0,0,,0
,,,0,0,0,,0
,,,0,0,0,,0
,,,0,0,0,,0
,,,0,0,0,,0
,,,0,0,0,,0
,,,0,0,0,,0
,,,0,0,0,,0
,,,0,0,0,,0
,,,0,0,0,,0
,,,0,0,0,,0
,,,0,0,0,,0
,,,0,0,0,,0
,,,0,0,0,,0
,,,0,0,0,,0
,,,0,0,0,,0
,,,0,0,0,,0
,,,0,0,0,,0
,,,0,0,0,,0
,,,0,0,0,,0
1.0,330.235,328.0,2321,2325,2326,False,2327
,,,0,0,0,,0
-1.0,331.37,328.0,2323,2327,2381,False,2381
,,,0,0,0,,0
,,,0,0,0,,0
,,,0,0,0,,0
,,,0,0,0,,0
,,,0,0,0,,0
,,,0,0,0,,0
,,,0,0,0,,0
,,,0,0,0,,0
,,,0,0,0,,0
,,,0,0,0,,0
,,,0,0,0,,0
1.0,321.03,317.49,2335,2338,2339,True,2339
,,,0,0,0,,0
,,,0,0,0,,0
,,,0,0,0,,0
,,,0,0,0,,0
-1.0,324.06,320.078,2340,2346,2347,False,2356
,,,0,0,0,,0
,,,0,0,0,,0
,,,0,0,0,,0
1.0,324.06,319.5501,2344,2356,2357,False,2368
,,,0,0,0,,0
,,,0,0,0,,0
,,,0,0,0,,0
,,,0,0,0,,0
,,,0,0,0,,0
,,,0,0,0,,0
,,,0,0,0,,0
,,,0,0,0,,0
,,,0,0,0,,0
,,,0,0,0,,0
,,,0,0,0,,0
,,,0,0,0,,0
,,,0,0,0,,0
,,,0,0,0,,0
,,,0,0,0,,0
-1.0,323.2,321.1,2360,2363,2364,False,2379
,,,0,0,0,,0
,,,0,0,0,,0
,,,0,0,0,,0
,,,0,0,0,,0
,,,0,0,0,,0
,,,0,0,0,,0
,,,0,0,0,,0
,,,0,0,0,,0
,,,0,0,0,,0
1.0,321.34,319.81,2370,2374,2377,True,2377
,,,0,0,0,,0
,,,0,0,0,,0
-1.0,322.6,320.12,2373,2378,2379,False,2379
,,,0,0,0,,0
,,,0,0,0,,0
1.0,322.6,319.69,2376,2379,0,,0
,,,0,0,0,,0
,,,0,0,0,,0
,,,0,0,0,,0
,,,0,0,0,,0
,,,0,0,0,,0
,,,0,0,0,,0
,,,0,0,0,,0
,,,0,0,0,,0
,,,0,0,0,,0
,,,0,0,0,,0
,,,0,0,0,,0
,,,0,0,0,,0
,,,0,0,0,,0
,,,0,0,0,,0
,,,0,0,0,,0
,,,0,0,0,,0
,,,0,0,0,,0
,,,0,0,0,,0
,,,0,0,0,,0
,,,0,0,0,,0
,,,0,0,0,,0
,,,0,0,0,,0
,,,0,0,0,,0
,,,0,0,0,,0
,,,0,0,0,,0
,,,0,0,0,,0
,,,0,0,0,,0
,,,0,0,0,,0
,,,0,0,0,,0
,,,0,0,0,,0
,,,0,0,0,,0
,,,0,0,0,,0
,,,0,0,0,,0
,,,0,0,0,,0
,,,0,0,0,,0
,,,0,0,0,,0
,,,0,0,0,,0
,,,0,0,0,,0
,,,0,0,0,,0
,,,0,0,0,,0
,,,0,0,0,,0
,,,0,0,0,,0
,,,0,0,0,,0
,,,0,0,0,,0
,,,0,0,0,,0
,,,0,0,0,,0
,,,0,0,0,,0
,,,0,0,0,,0
,,,0,0,0,,0
-1.0,349.53,346.26,2426,2431,2432,False,2454
,,,0,0,0,,0
,,,0,0,0,,0
,,,0,0,0,,0
,,,0,0,0,,0
,,,0,0,0,,0
,,,0,0,0,,0
,,,0,0,0,,0
,,,0,0,0,,0
,,,0,0,0,,0
,,,0,0,0,,0
,,,0,0,0,,0
,,,0,0,0,,0
,,,0,0,0,,0
,,,0,0,0,,0
,,,0,0,0,,0
,,,0,0,0,,0
1.0,346.95,345.71,2443,2446,2447,False,2486
,,,0,0,0,,0
,,,0,0,0,,0
,,,0,0,0,,0
,,,0,0,0,,0
,,,0,0,0,,0
,,,0,0,0,,0
,,,0,0,0,,0
,,,0,0,0,,0
,,,0,0,0,,0
,,,0,0,0,,0
,,,0,0,0,,0
,,,0,0,0,,0
,,,0,0,0,,0
,,,0,0,0,,0
,,,0,0,0,,0
,,,0,0,0,,0
,,,0,0,0,,0
,,,0,0,0,,0
,,,0,0,0,,0
,,,0,0,0,,0
,,,0,0,0,,0
-1.0,353.32,351.3506,2465,2467,2470,False,2613
,,,0,0,0,,0
,,,0,0,0,,0
,,,0,0,0,,0
,,,0,0,0,,0
,,,0,0,0,,0
,,,0,0,0,,0
,,,0,0,0,,0
1.0,351.27,350.31,2473,2475,2476,False,2479
-1.0,352.03,350.31,2474,2479,2480,False,2613
,,,0,0,0,,0
,,,0,0,0,,0
,,,0,0,0,,0
,,,0,0,0,,0
,,,0,0,0,,0
,,,0,0,0,,0
,,,0,0,0,,0
,,,0,0,0,,0
,,,0,0,0,,0
,,,0,0,0,,0
,,,0,0,0,,0
,,,0,0,0,,0
,,,0,0,0,,0
,,,0,0,0,,0
,,,0,0,0,,0
,,,0,0,0,,0
,,,0,0,0,,0
,,,0,0,0,,0
,,,0,0,0,,0
,,,0,0,0,,0
,,,0,0,0,,0
,,,0,0,0,,0
1.0,344.3,342.945,2497,2500,2503,False,2511
,,,0,0,0,,0
,,,0,0,0,,0
,,,0,0,0,,0
,,,0,0,0,,0
,,,0,0,0,,0
,,,0,0,0,,0
-1.0,348.7499,343.7,2504,2510,2511,False,2613
,,,0,0,0,,0
,,,0,0,0,,0
,,,0,0,0,,0
,,,0,0,0,,0
,,,0,0,0,,0
,,,0,0,0,,0
,,,0,0,0,,0
,,,0,0,0,,0
,,,0,0,0,,0
,,,0,0,0,,0
,,,0,0,0,,0
,,,0,0,0,,0
,,,0,0,0,,0
,,,0,0,0,,0
,,,0,0,0,,0
,,,0,0,0,,0
,,,0,0,0,,0
,,,0,0,0,,0
,,,0,0,0,,0
,,,0,0,0,,0
,,,0,0,0,,0
,,,0,0,0,,0
,,,0,0,0,,0
,,,0,0,0,,0
,,,0,0,0,,0
,,,0,0,0,,0
1.0,332.7691,331.881,2531,2533,2536,False,2535
-1.0,334.48,331.881,2532,2535,2536,False,2561
,,,0,0,0,,0
,,,0,0,0,,0
,,,0,0,0,,0
,,,0,0,0,,0
,,,0,0,0,,0
,,,0,0,0,,0
,,,0,0,0,,0
,,,0,0,0,,0
,,,0,0,0,,0
,,,0,0,0,,0
,,,0,0,0,,0
,,,0,0,0,,0
,,,0,0,0,,0
1.0,329.869,328.45,2546,2551,2552,False,2553
,,,0,0,0,,0
,,,0,0,0,,0
,,,0,0,0,,0
-1.0,330.64,328.75,2550,2553,2556,False,2561
,,,0,0,0,,0
,,,0,0,0,,0
,,,0,0,0,,0
,,,0,0,0,,0
,,,0,0,0,,0
1.0,329.39,328.09,2556,2559,2560,True,2560
,,,0,0,0,,0
,,,0,0,0,,0
,,,0,0,0,,0
,,,0,0,0,,0
,,,0,0,0,,0
,,,0,0,0,,0
,,,0,0,0,,0
,,,0,0,0,,0
,,,0,0,0,,0
,,,0,0,0,,0
,,,0,0,0,,0
,,,0,0,0,,0
,,,0,0,0,,0
,,,0,0,0,,0
-1.0,343.33,340.7401,2571,2577,2578,False,2613
,,,0,0,0,,0
,,,0,0,0,,0
,,,0,0,0,,0
,,,0,0,0,,0
,,,0,0,0,,0
,,,0,0,0,,0
,,,0,0,0,,0
,,,0,0,0,,0
,,,0,0,0,,0
,,,0,0,0,,0
,,,0,0,0,,0
,,,0,0,0,,0
,,,0,0,0,,0
,,,0,0,0,,0
,,,0,0,0,,0
,,,0,0,0,,0
,,,0,0,0,,0
,,,0,0,0,,0
,,,0,0,0,,0
1.0,334.98,332.4211,2591,2595,2596,True,2596
,,,0,0,0,,0
,,,0,0,0,,0
,,,0,0,0,,0
,,,0,0,0,,0
,,,0,0,0,,0
,,,0,0,0,,0
,,,0,0,0,,0
,,,0,0,0,,0
,,,0,0,0,,0
,,,0,0,0,,0
,,,0,0,0,,0
,,,0,0,0,,0
,,,0,0,0,,0
,,,0,0,0,,0
,,,0,0,0,,0
,,,0,0,0,,0
,,,0,0,0,,0
,,,0,0,0,,0
,,,0,0,0,,0
,,,0,0,0,,0
,,,0,0,0,,0
,,,0,0,0,,0
,,,0,0,0,,0
,,,0,0,0,,0
,,,0,0,0,,0
,,,0,0,0,,0
,,,0,0,0,,0
,,,0,0,0,,0
,,,0,0,0,,0
,,,0,0,0,,0
,,,0,0,0,,0
,,,0,0,0,,0
,,,0,0,0,,0
,,,0,0,0,,0
,,,0,0,0,,0
,,,0,0,0,,0
,,,0,0,0,,0
,,,0,0,0,,0
-1.0,352.04,349.26,2630,2634,2635,False,2639
,,,0,0,0,,0
,,,0,0,0,,0
,,,0,0,0,,0
,,,0,0,0,,0
,,,0,0,0,,0
1.0,349.88,348.04,2636,2638,2644,False,2644
,,,0,0,0,,0
,,,0,0,0,,0
,,,0,0,0,,0
,,,0,0,0,,0
-1.0,353.94,350.2,2641,2644,2647,False,2696
,,,0,0,0,,0
,,,0,0,0,,0
,,,0,0,0,,0
,,,0,0,0,,0
,,,0,0,0,,0
,,,0,0,0,,0
,,,0,0,0,,0
,,,0,0,0,,0
,,,0,0,0,,0
,,,0,0,0,,0
,,,0,0,0,,0
,,,0,0,0,,0
,,,0,0,0,,0
,,,0,0,0,,0
,,,0,0,0,,0
,,,0,0,0,,0
,,,0,0,0,,0
,,,0,0,0,,0
1.0,347.22,345.48,2660,2665,2667,False,2669
,,,0,0,0,,0
,,,0,0,0,,0
,,,0,0,0,,0
,,,0,0,0,,0
,,,0,0,0,,0
,,,0,0,0,,0
-1.0,349.0,345.5,2667,2669,2670,False,2691
,,,0,0,0,,0
,,,0,0,0,,0
,,,0,0,0,,0
,,,0,0,0,,0
,,,0,0,0,,0
,,,0,0,0,,0
,,,0,0,0,,0
,,,0,0,0,,0
,,,0,0,0,,0
,,,0,0,0,,0
,,,0,0,0,,0
,,,0,0,0,,0
1.0,347.62,345.7,2680,2691,2692,True,2692
,,,0,0,0,,0
,,,0,0,0,,0
,,,0,0,0,,0
,,,0,0,0,,0
,,,0,0,0,,0
,,,0,0,0,,0
,,,0,0,0,,0
,,,0,0,0,,0
,,,0,0,0,,0
,,,0,0,0,,0
,,,0,0,0,,0
,,,0,0,0,,0
,,,0,0,0,,0
,,,0,0,0,,0
,,,0,0,0,,0
,,,0,0,0,,0
,,,0,0,0,,0
,,,0,0,0,,0
-1.0,355.8,353.5,2699,2703,2704,False,2720
,,,0,0,0,,0
,,,0,0,0,,0
,,,0,0,0,,0
,,,0,0,0,,0
,,,0,0,0,,0
,,,0,0,0,,0
,,,0,0,0,,0
,,,0,0,0,,0
,,,0,0,0,,0
,,,0,0,0,,0
,,,0,0,0,,0
1.0,354.4432,347.16,2711,2719,2720,True,2720
,,,0,0,0,,0
,,,0,0,0,,0
,,,0,0,0,,0
,,,0,0,0,,0
,,,0,0,0,,0
,,,0,0,0,,0
,,,0,0,0,,0
,,,0,0,0,,0
,,,0,0,0,,0
,,,0,0,0,,0
,,,0,0,0,,0
,,,0,0,0,,0
,,,0,0,0,,0
-1.0,363.57,360.83,2725,2728,2729,False,2732
,,,0,0,0,,0
,,,0,0,0,,0
1.0,362.88,360.18,2728,2731,2732,True,2732
,,,0,0,0,,0
,,,0,0,0,,0
,,,0,0,0,,0
,,,0,0,0,,0
,,,0,0,0,,0
,,,0,0,0,,0
,,,0,0,0,,0
,,,0,0,0,,0
,,,0,0,0,,0
,,,0,0,0,,0
,,,0,0,0,,0
,,,0,0,0,,0
,,,0,0,0,,0
,,,0,0,0,,0
,,,0,0,0,,0
,,,0,0,0,,0
,,,0,0,0,,0
,,,0,0,0,,0
,,,0,0,0,,0
,,,0,0,0,,0
,,,0,0,0,,0
,,,0,0,0,,0
,,,0,0,0,,0
,,,0,0,0,,0
,,,0,0,0,,0
,,,0,0,0,,0
,,,0,0,0,,0
,,,0,0,0,,0
,,,0,0,0,,0
,,,0,0,0,,0
,,,0,0,0,,0
,,,0,0,0,,0
,,,0,0,0,,0
,,,0,0,0,,0
,,,0,0,0,,0
,,,0,0,0,,0
,,,0,0,0,,0
,,,0,0,0,,0
,,,0,0,0,,0
,,,0,0,0,,0
,,,0,0,0,,0
,,,0,0,0,,0
,,,0,0,0,,0
,,,0,0,0,,0
,,,0,0,0,,0
,,,0,0,0,,0
,,,0,0,0,,0
,,,0,0,0,,0
,,,0,0,0,,0
,,,0,0,0,,0
,,,0,0,0,,0
-1.0,421.1799,417.4056,2780,2782,2783,False,2819
,,,0,0,0,,0
,,,0,0,0,,0
,,,0,0,0,,0
,,,0,0,0,,0
,,,0,0,0,,0
,,,0,0,0,,0
,,,0,0,0,,0
,,,0,0,0,,0
,,,0,0,0,,0
,,,0,0,0,,0
1.0,409.85,406.41,2791,2794,2821,False,3891
,,,0,0,0,,0
,,,0,0,0,,0
,,,0,0,0,,0
,,,0,0,0,,0
,,,0,0,0,,0
,,,0,0,0,,0
,,,0,0,0,,0
,,,0,0,0,,0
,,,0,0,0,,0
,,,0,0,0,,0
,,,0,0,0,,0
,,,0,0,0,,0
,,,0,0,0,,0
,,,0,0,0,,0
,,,0,0,0,,0
,,,0,0,0,,0
-1.0,420.9728,418.0901,2808,2812,2813,False,2819
,,,0,0,0,,0
,,,0,0,0,,0
,,,0,0,0,,0
,,,0,0,0,,0
,,,0,0,0,,0
1.0,420.14,418.36,2814,2817,2818,False,2821
-1.0,423.25,418.36,2815,2821,2827,False,2844
,,,0,0,0,,0
,,,0,0,0,,0
,,,0,0,0,,0
,,,0,0,0,,0
,,,0,0,0,,0
,,,0,0,0,,0
,,,0,0,0,,0
,,,0,0,0,,0
1.0,416.4958,411.92,2824,2827,2839,False,3890
,,,0,0,0,,0
,,,0,0,0,,0
,,,0,0,0,,0
,,,0,0,0,,0
-1.0,424.69,416.81,2829,2839,2840,False,2844
,,,0,0,0,,0
,,,0,0,0,,0
,,,0,0,0,,0
,,,0,0,0,,0
1.0,420.42,411.77,2834,2843,2870,False,3890
,,,0,0,0,,0
,,,0,0,0,,0
,,,0,0,0,,0
,,,0,0,0,,0
,,,0,0,0,,0
,,,0,0,0,,0
,,,0,0,0,,0
,,,0,0,0,,0
,,,0,0,0,,0
,,,0,0,0,,0
,,,0,0,0,,0
,,,0,0,0,,0
-1.0,432.2199,421.95,2847,2858,2859,False,2899
,,,0,0,0,,0
,,,0,0,0,,0
,,,0,0,0,,0
,,,0,0,0,,0
,,,0,0,0,,0
,,,0,0,0,,0
,,,0,0,0,,0
,,,0,0,0,,0
,,,0,0,0,,0
,,,0,0,0,,0
,,,0,0,0,,0
,,,0,0,0,,0
,,,0,0,0,,0
,,,0,0,0,,0
,,,0,0,0,,0
,,,0,0,0,,0
,,,0,0,0,,0
,,,0,0,0,,0
,,,0,0,0,,0
,,,0,0,0,,0
1.0,424.76,416.56,2868,2873,2874,False,3285
,,,0,0,0,,0
,,,0,0,0,,0
,,,0,0,0,,0
,,,0,0,0,,0
,,,0,0,0,,0
,,,0,0,0,,0
,,,0,0,0,,0
,,,0,0,0,,0
,,,0,0,0,,0
,,,0,0,0,,0
,,,0,0,0,,0
,,,0,0,0,,0
,,,0,0,0,,0
,,,0,0,0,,0
,,,0,0,0,,0
,,,0,0,0,,0
,,,0,0,0,,0
,,,0,0,0,,0
,,,0,0,0,,0
,,,0,0,0,,0
,,,0,0,0,,0
,,,0,0,0,,0
,,,0,0,0,,0
,,,0,0,0,,0
,,,0,0,0,,0
,,,0,0,0,,0
,,,0,0,0,,0
,,,0,0,0,,0
,,,0,0,0,,0
,,,0,0,0,,0
,,,0,0,0,,0
,,,0,0,0,,0
,,,0,0,0,,0
,,,0,0,0,,0
,,,0,0,0,,0
,,,0,0,0,,0
-1.0,442.77,439.91,2905,2909,2954,False,2974
,,,0,0,0,,0
,,,0,0,0,,0
,,,0,0,0,,0
,,,0,0,0,,0
,,,0,0,0,,0
,,,0,0,0,,0
,,,0,0,0,,0
,,,0,0,0,,0
,,,0,0,0,,0
,,,0,0,0,,0
,,,0,0,0,,0
,,,0,0,0,,0
,,,0,0,0,,0
1.0,434.64,432.91,2919,2922,2923,False,2930
,,,0,0,0,,0
,,,0,0,0,,0
,,,0,0,0,,0
,,,0,0,0,,0
-1.0,439.7,433.33,2924,2930,2932,False,2954
,,,0,0,0,,0
,,,0,0,0,,0
,,,0,0,0,,0
,,,0,0,0,,0
,,,0,0,0,,0
,,,0,0,0,,0
,,,0,0,0,,0
1.0,433.97,432.31,2932,2936,2939,False,2941
,,,0,0,0,,0
,,,0,0,0,,0
,,,0,0,0,,0
,,,0,0,0,,0
,,,0,0,0,,0
,,,0,0,0,,0
-1.0,435.85,432.92,2939,2941,2951,False,2952
,,,0,0,0,,0
,,,0,0,0,,0
,,,0,0,0,,0
,,,0,0,0,,0
,,,0,0,0,,0
,,,0,0,0,,0
,,,0,0,0,,0
,,,0,0,0,,0
,,,0,0,0,,0
1.0,429.46,425.55,2949,2951,2977,False,2977
,,,0,0,0,,0
,,,0,0,0,,0
,,,0,0,0,,0
,,,0,0,0,,0
,,,0,0,0,,0
,,,0,0,0,,0
,,,0,0,0,,0
-1.0,440.5,437.75,2957,2960,2962,False,2972
,,,0,0,0,,0
,,,0,0,0,,0
,,,0,0,0,,0
,,,0,0,0,,0
1.0,437.775,434.02,2962,2964,2969,False,2977
,,,0,0,0,,0
,,,0,0,0,,0
,,,0,0,0,,0
-1.0,444.21,438.19,2966,2977,3022,False,3029
,,,0,0,0,,0
,,,0,0,0,,0
,,,0,0,0,,0
,,,0,0,0,,0
,,,0,0,0,,0
,,,0,0,0,,0
,,,0,0,0,,0
,,,0,0,0,,0
,,,0,0,0,,0
,,,0,0,0,,0
,,,0,0,0,,0
,,,0,0,0,,0
,,,0,0,0,,0
,,,0,0,0,,0
,,,0,0,0,,0
,,,0,0,0,,0
,,,0,0,0,,0
,,,0,0,0,,0
,,,0,0,0,,0
,,,0,0,0,,0
,,,0,0,0,,0
,,,0,0,0,,0
,,,0,0,0,,0
,,,0,0,0,,0
,,,0,0,0,,0
,,,0,0,0,,0
,,,0,0,0,,0
,,,0,0,0,,0
,,,0,0,0,,0
,,,0,0,0,,0
,,,0,0,0,,0
,,,0,0,0,,0
,,,0,0,0,,0
,,,0,0,0,,0
1.0,426.54,422.98,3001,3003,3004,False,3147
,,,0,0,0,,0
,,,0,0,0,,0
,,,0,0,0,,0
,,,0,0,0,,0
,,,0,0,0,,0
,,,0,0,0,,0
,,,0,0,0,,0
,,,0,0,0,,0
,,,0,0,0,,0
,,,0,0,0,,0
,,,0,0,0,,0
,,,0,0,0,,0
,,,0,0,0,,0
,,,0,0,0,,0
,,,0,0,0,,0
,,,0,0,0,,0
,,,0,0,0,,0
,,,0,0,0,,0
,,,0,0,0,,0
,,,0,0,0,,0
,,,0,0,0,,0
,,,0,0,0,,0
,,,0,0,0,,0
,,,0,0,0,,0
,,,0,0,0,,0
,,,0,0,0,,0
,,,0,0,0,,0
,,,0,0,0,,0
,,,0,0,0,,0
-1.0,446.49,440.94,3031,3038,3039,False,3081
,,,0,0,0,,0
,,,0,0,0,,0
,,,0,0,0,,0
,,,0,0,0,,0
,,,0,0,0,,0
,,,0,0,0,,0
,,,0,0,0,,0
,,,0,0,0,,0
,,,0,0,0,,0
,,,0,0,0,,0
,,,0,0,0,,0
,,,0,0,0,,0
,,,0,0,0,,0
1.0,442.58,441.08,3045,3047,3049,False,3052
,,,0,0,0,,0
,,,0,0,0,,0
,,,0,0,0,,0
-1.0,443.8493,441.8,3049,3051,3054,False,3078
,,,0,0,0,,0
,,,0,0,0,,0
,,,0,0,0,,0
,,,0,0,0,,0
,,,0,0,0,,0
,,,0,0,0,,0
,,,0,0,0,,0
,,,0,0,0,,0
,,,0,0,0,,0
,,,0,0,0,,0
,,,0,0,0,,0
,,,0,0,0,,0
,,,0,0,0,,0
,,,0,0,0,,0
,,,0,0,0,,0
,,,0,0,0,,0
1.0,436.2,434.61,3066,3068,3070,False,3135
,,,0,0,0,,0
,,,0,0,0,,0
,,,0,0,0,,0
,,,0,0,0,,0
,,,0,0,0,,0
,,,0,0,0,,0
,,,0,0,0,,0
,,,0,0,0,,0
,,,0,0,0,,0
,,,0,0,0,,0
,,,0,0,0,,0
,,,0,0,0,,0
,,,0,0,0,,0
,,,0,0,0,,0
,,,0,0,0,,0
,,,0,0,0,,0
,,,0,0,0,,0
,,,0,0,0,,0
,,,0,0,0,,0
,,,0,0,0,,0
,,,0,0,0,,0
,,,0,0,0,,0
,,,0,0,0,,0
,,,0,0,0,,0
,,,0,0,0,,0
,,,0,0,0,,0
,,,0,0,0,,0
,,,0,0,0,,0
,,,0,0,0,,0
,,,0,0,0,,0
,,,0,0,0,,0
,,,0,0,0,,0
1.0,461.1866,454.6,3099,3107,3108,False,3112
,,,0,0,0,,0
,,,0,0,0,,0
,,,0,0,0,,0
-1.0,470.75,459.49,3103,3108,3109,False,3680
,,,0,0,0,,0
,,,0,0,0,,0
,,,0,0,0,,0
,,,0,0,0,,0
,,,0,0,0,,0
,,,0,0,0,,0
,,,0,0,0,,0
,,,0,0,0,,0
,,,0,0,0,,0
,,,0,0,0,,0
,,,0,0,0,,0
,,,0,0,0,,0
,,,0,0,0,,0
,,,0,0,0,,0
,,,0,0,0,,0
,,,0,0,0,,0
,,,0,0,0,,0
,,,0,0,0,,0
,,,0,0,0,,0
,,,0,0,0,,0
,,,0,0,0,,0
,,,0,0,0,,0
,,,0,0,0,,0
,,,0,0,0,,0
,,,0,0,0,,0
,,,0,0,0,,0
,,,0,0,0,,0
,,,0,0,0,,0
,,,0,0,0,,0
,,,0,0,0,,0
,,,0,0,0,,0
,,,0,0,0,,0
,,,0,0,0,,0
,,,0,0,0,,0
,,,0,0,0,,0
,,,0,0,0,,0
,,,0,0,0,,0
,,,0,0,0,,0
,,,0,0,0,,0
,,,0,0,0,,0
,,,0,0,0,,0
,,,0,0,0,,0
,,,0,0,0,,0
,,,0,0,0,,0
,,,0,0,0,,0
1.0,423.07,416.575,3149,3152,3153,False,3285
,,,0,0,0,,0
,,,0,0,0,,0
,,,0,0,0,,0
,,,0,0,0,,0
,,,0,0,0,,0
,,,0,0,0,,0
,,,0,0,0,,0
,,,0,0,0,,0
,,,0,0,0,,0
,,,0,0,0,,0
,,,0,0,0,,0
,,,0,0,0,,0
,,,0,0,0,,0
,,,0,0,0,,0
,,,0,0,0,,0
,,,0,0,0,,0
,,,0,0,0,,0
,,,0,0,0,,0
,,,0,0,0,,0
,,,0,0,0,,0
,,,0,0,0,,0
,,,0,0,0,,0
,,,0,0,0,,0
,,,0,0,0,,0
,,,0,0,0,,0
,,,0,0,0,,0
-1.0,453.55,447.8,3176,3188,3189,False,3556
,,,0,0,0,,0
,,,0,0,0,,0
,,,0,0,0,,0
,,,0,0,0,,0
,,,0,0,0,,0
,,,0,0,0,,0
,,,0,0,0,,0
,,,0,0,0,,0
,,,0,0,0,,0
,,,0,0,0,,0
,,,0,0,0,,0
,,,0,0,0,,0
,,,0,0,0,,0
,,,0,0,0,,0
,,,0,0,0,,0
,,,0,0,0,,0
,,,0,0,0,,0
,,,0,0,0,,0
1.0,443.3498,438.3001,3195,3205,3206,False,3207
,,,0,0,0,,0
,,,0,0,0,,0
,,,0,0,0,,0
,,,0,0,0,,0
,,,0,0,0,,0
,,,0,0,0,,0
-1.0,450.1999,446.4782,3202,3206,3420,False,3556
,,,0,0,0,,0
,,,0,0,0,,0
,,,0,0,0,,0
,,,0,0,0,,0
,,,0,0,0,,0
,,,0,0,0,,0
,,,0,0,0,,0
,,,0,0,0,,0
,,,0,0,0,,0
,,,0,0,0,,0
,,,0,0,0,,0
1.0,435.59,431.4001,3214,3223,3224,False,3237
,,,0,0,0,,0
,,,0,0,0,,0
,,,0,0,0,,0
,,,0,0,0,,0
,,,0,0,0,,0
,,,0,0,0,,0
,,,0,0,0,,0
,,,0,0,0,,0
,,,0,0,0,,0
,,,0,0,0,,0
,,,0,0,0,,0
,,,0,0,0,,0
,,,0,0,0,,0
,,,0,0,0,,0
,,,0,0,0,,0
,,,0,0,0,,0
,,,0,0,0,,0
,,,0,0,0,,0
-1.0,440.09,435.81,3233,3237,3260,False,3419
,,,0,0,0,,0
,,,0,0,0,,0
,,,0,0,0,,0
,,,0,0,0,,0
,,,0,0,0,,0
,,,0,0,0,,0
,,,0,0,0,,0
,,,0,0,0,,0
,,,0,0,0,,0
,,,0,0,0,,0
1.0,431.35,428.7,3244,3248,3249,False,3270
,,,0,0,0,,0
,,,0,0,0,,0
,,,0,0,0,,0
,,,0,0,0,,0
,,,0,0,0,,0
,,,0,0,0,,0
,,,0,0,0,,0
,,,0,0,0,,0
,,,0,0,0,,0
,,,0,0,0,,0
,,,0,0,0,,0
,,,0,0,0,,0
,,,0,0,0,,0
,,,0,0,0,,0
,,,0,0,0,,0
,,,0,0,0,,0
,,,0,0,0,,0
-1.0,443.13,434.43,3262,3269,3308,False,3419
,,,0,0,0,,0
,,,0,0,0,,0
,,,0,0,0,,0
,,,0,0,0,,0
,,,0,0,0,,0
,,,0,0,0,,0
,,,0,0,0,,0
,,,0,0,0,,0
,,,0,0,0,,0
,,,0,0,0,,0
,,,0,0,0,,0
,,,0,0,0,,0
,,,0,0,0,,0
,,,0,0,0,,0
,,,0,0,0,,0
,,,0,0,0,,0
,,,0,0,0,,0
,,,0,0,0,,0
,,,0,0,0,,0
1.0,419.92,411.45,3282,3289,3315,False,3890
,,,0,0,0,,0
,,,0,0,0,,0
,,,0,0,0,,0
,,,0,0,0,,0
,,,0,0,0,,0
,,,0,0,0,,0
,,,0,0,0,,0
,,,0,0,0,,0
,,,0,0,0,,0
,,,0,0,0,,0
,,,0,0,0,,0
,,,0,0,0,,0
,,,0,0,0,,0
,,,0,0,0,,0
,,,0,0,0,,0
,,,0,0,0,,0
,,,0,0,0,,0
,,,0,0,0,,0
,,,0,0,0,,0
,,,0,0,0,,0
,,,0,0,0,,0
,,,0,0,0,,0
,,,0,0,0,,0
,,,0,0,0,,0
,,,0,0,0,,0
,,,0,0,0,,0
,,,0,0,0,,0
,,,0,0,0,,0
,,,0,0,0,,0
,,,0,0,0,,0
-1.0,436.3,432.55,3313,3315,3327,False,3343
,,,0,0,0,,0
,,,0,0,0,,0
,,,0,0,0,,0
,,,0,0,0,,0
,,,0,0,0,,0
1.0,425.3499,421.9301,3319,3323,3385,False,3497
,,,0,0,0,,0
,,,0,0,0,,0
,,,0,0,0,,0
,,,0,0,0,,0
,,,0,0,0,,0
,,,0,0,0,,0
,,,0,0,0,,0
,,,0,0,0,,0
,,,0,0,0,,0
,,,0,0,0,,0
,,,0,0,0,,0
-1.0,434.1499,430.64,3331,3339,3341,False,3341
,,,0,0,0,,0
,,,0,0,0,,0
,,,0,0,0,,0
,,,0,0,0,,0
,,,0,0,0,,0
,,,0,0,0,,0
1.0,433.199,426.88,3338,3341,3342,False,3385
,,,0,0,0,,0
,,,0,0,0,,0
,,,0,0,0,,0
,,,0,0,0,,0
,,,0,0,0,,0
,,,0,0,0,,0
,,,0,0,0,,0
,,,0,0,0,,0
-1.0,438.189,433.5676,3347,3349,3350,False,3371
,,,0,0,0,,0
,,,0,0,0,,0
,,,0,0,0,,0
,,,0,0,0,,0
,,,0,0,0,,0
,,,0,0,0,,0
,,,0,0,0,,0
,,,0,0,0,,0
,,,0,0,0,,0
,,,0,0,0,,0
1.0,433.14,430.52,3358,3361,3363,False,3378
,,,0,0,0,,0
,,,0,0,0,,0
,,,0,0,0,,0
,,,0,0,0,,0
,,,0,0,0,,0
,,,0,0,0,,0
,,,0,0,0,,0
-1.0,439.35,432.46,3366,3377,3378,False,3412
,,,0,0,0,,0
,,,0,0,0,,0
,,,0,0,0,,0
,,,0,0,0,,0
,,,0,0,0,,0
,,,0,0,0,,0
,,,0,0,0,,0
,,,0,0,0,,0
,,,0,0,0,,0
,,,0,0,0,,0
,,,0,0,0,,0
,,,0,0,0,,0
,,,0,0,0,,0
,,,0,0,0,,0
,,,0,0,0,,0
,,,0,0,0,,0
,,,0,0,0,,0
,,,0,0,0,,0
,,,0,0,0,,0
,,,0,0,0,,0
,,,0,0,0,,0
,,,0,0,0,,0
1.0,428.47,423.75,3389,3392,3393,False,3497
,,,0,0,0,,0
,,,0,0,0,,0
,,,0,0,0,,0
,,,0,0,0,,0
,,,0,0,0,,0
,,,0,0,0,,0
,,,0,0,0,,0
,,,0,0,0,,0
,,,0,0,0,,0
,,,0,0,0,,0
,,,0,0,0,,0
,,,0,0,0,,0
,,,0,0,0,,0
,,,0,0,0,,0
,,,0,0,0,,0
,,,0,0,0,,0
,,,0,0,0,,0
,,,0,0,0,,0
,,,0,0,0,,0
,,,0,0,0,,0
,,,0,0,0,,0
,,,0,0,0,,0
,,,0,0,0,,0
,,,0,0,0,,0
,,,0,0,0,,0
,,,0,0,0,,0
,,,0,0,0,,0
,,,0,0,0,,0
,,,0,0,0,,0
,,,0,0,0,,0
,,,0,0,0,,0
,,,0,0,0,,0
,,,0,0,0,,0
-1.0,445.7299,442.68,3423,3425,3426,False,3440
,,,0,0,0,,0
,,,0,0,0,,0
,,,0,0,0,,0
1.0,444.56,441.91,3427,3429,3430,False,3471
,,,0,0,0,,0
,,,0,0,0,,0
,,,0,0,0,,0
,,,0,0,0,,0
,,,0,0,0,,0
,,,0,0,0,,0
,,,0,0,0,,0
,,,0,0,0,,0
,,,0,0,0,,0
,,,0,0,0,,0
,,,0,0,0,,0
,,,0,0,0,,0
,,,0,0,0,,0
,,,0,0,0,,0
-1.0,448.75,444.991,3442,3445,3448,False,3522
,,,0,0,0,,0
,,,0,0,0,,0
,,,0,0,0,,0
,,,0,0,0,,0
,,,0,0,0,,0
1.0,446.65,443.7,3448,3453,3454,False,3470
,,,0,0,0,,0
,,,0,0,0,,0
,,,0,0,0,,0
,,,0,0,0,,0
,,,0,0,0,,0
,,,0,0,0,,0
,,,0,0,0,,0
-1.0,448.99,447.3,3456,3458,3459,False,3522
,,,0,0,0,,0
,,,0,0,0,,0
,,,0,0,0,,0
,,,0,0,0,,0
,,,0,0,0,,0
,,,0,0,0,,0
,,,0,0,0,,0
,,,0,0,0,,0
,,,0,0,0,,0
,,,0,0,0,,0
,,,0,0,0,,0
,,,0,0,0,,0
,,,0,0,0,,0
,,,0,0,0,,0
,,,0,0,0,,0
,,,0,0,0,,0
,,,0,0,0,,0
,,,0,0,0,,0
,,,0,0,0,,0
,,,0,0,0,,0
,,,0,0,0,,0
,,,0,0,0,,0
,,,0,0,0,,0
,,,0,0,0,,0
,,,0,0,0,,0
,,,0,0,0,,0
,,,0,0,0,,0
,,,0,0,0,,0
,,,0,0,0,,0
,,,0,0,0,,0
1.0,433.25,429.55,3487,3490,3491,False,3497
,,,0,0,0,,0
,,,0,0,0,,0
-1.0,439.59,430.2,3490,3497,3504,False,3509
,,,0,0,0,,0
,,,0,0,0,,0
,,,0,0,0,,0
,,,0,0,0,,0
,,,0,0,0,,0
,,,0,0,0,,0
,,,0,0,0,,0
,,,0,0,0,,0
,,,0,0,0,,0
1.0,426.16,420.5,3500,3503,3783,False,3887
,,,0,0,0,,0
,,,0,0,0,,0
,,,0,0,0,,0
,,,0,0,0,,0
,,,0,0,0,,0
,,,0,0,0,,0
,,,0,0,0,,0
,,,0,0,0,,0
,,,0,0,0,,0
,,,0,0,0,,0
,,,0,0,0,,0
,,,0,0,0,,0
,,,0,0,0,,0
,,,0,0,0,,0
,,,0,0,0,,0
-1.0,451.68,442.99,3516,3524,3525,False,3556
,,,0,0,0,,0
,,,0,0,0,,0
,,,0,0,0,,0
,,,0,0,0,,0
,,,0,0,0,,0
,,,0,0,0,,0
,,,0,0,0,,0
,,,0,0,0,,0
,,,0,0,0,,0
,,,0,0,0,,0
,,,0,0,0,,0
,,,0,0,0,,0
,,,0,0,0,,0
,,,0,0,0,,0
,,,0,0,0,,0
,,,0,0,0,,0
,,,0,0,0,,0
,,,0,0,0,,0
,,,0,0,0,,0
,,,0,0,0,,0
,,,0,0,0,,0
,,,0,0,0,,0
,,,0,0,0,,0
,,,0,0,0,,0
,,,0,0,0,,0
,,,0,0,0,,0
,,,0,0,0,,0
,,,0,0,0,,0
1.0,433.6,430.17,3545,3549,3783,False,3783
,,,0,0,0,,0
,,,0,0,0,,0
,,,0,0,0,,0
,,,0,0,0,,0
,,,0,0,0,,0
,,,0,0,0,,0
,,,0,0,0,,0
,,,0,0,0,,0
,,,0,0,0,,0
,,,0,0,0,,0
,,,0,0,0,,0
,,,0,0,0,,0
,,,0,0,0,,0
,,,0,0,0,,0
,,,0,0,0,,0
,,,0,0,0,,0
,,,0,0,0,,0
,,,0,0,0,,0
,,,0,0,0,,0
-1.0,460.16,457.5,3565,3568,3569,False,3575
,,,0,0,0,,0
1.0,460.16,447.26,3567,3575,3576,False,3630
,,,0,0,0,,0
,,,0,0,0,,0
,,,0,0,0,,0
,,,0,0,0,,0
,,,0,0,0,,0
,,,0,0,0,,0
,,,0,0,0,,0
,,,0,0,0,,0
,,,0,0,0,,0
,,,0,0,0,,0
,,,0,0,0,,0
,,,0,0,0,,0
,,,0,0,0,,0
,,,0,0,0,,0
,,,0,0,0,,0
,,,0,0,0,,0
,,,0,0,0,,0
,,,0,0,0,,0
,,,0,0,0,,0
-1.0,467.0,463.9,3587,3592,3601,False,3680
,,,0,0,0,,0
,,,0,0,0,,0
,,,0,0,0,,0
,,,0,0,0,,0
,,,0,0,0,,0
,,,0,0,0,,0
,,,0,0,0,,0
,,,0,0,0,,0
,,,0,0,0,,0
,,,0,0,0,,0
,,,0,0,0,,0
1.0,463.12,457.93,3599,3602,3603,False,3621
,,,0,0,0,,0
,,,0,0,0,,0
,,,0,0,0,,0
,,,0,0,0,,0
,,,0,0,0,,0
,,,0,0,0,,0
,,,0,0,0,,0
,,,0,0,0,,0
,,,0,0,0,,0
,,,0,0,0,,0
,,,0,0,0,,0
,,,0,0,0,,0
,,,0,0,0,,0
,,,0,0,0,,0
,,,0,0,0,,0
,,,0,0,0,,0
,,,0,0,0,,0
-1.0,462.95,458.56,3617,3621,3622,False,3679
,,,0,0,0,,0
,,,0,0,0,,0
,,,0,0,0,,0
,,,0,0,0,,0
,,,0,0,0,,0
,,,0,0,0,,0
,,,0,0,0,,0
,,,0,0,0,,0
,,,0,0,0,,0
,,,0,0,0,,0
,,,0,0,0,,0
,,,0,0,0,,0
,,,0,0,0,,0
,,,0,0,0,,0
,,,0,0,0,,0
,,,0,0,0,,0
,,,0,0,0,,0
,,,0,0,0,,0
,,,0,0,0,,0
,,,0,0,0,,0
,,,0,0,0,,0
,,,0,0,0,,0
,,,0,0,0,,0
,,,0,0,0,,0
,,,0,0,0,,0
,,,0,0,0,,0
,,,0,0,0,,0
,,,0,0,0,,0
,,,0,0,0,,0
,,,0,0,0,,0
1.0,444.0799,440.0,3648,3653,3668,False,3765
,,,0,0,0,,0
,,,0,0,0,,0
,,,0,0,0,,0
,,,0,0,0,,0
,,,0,0,0,,0
,,,0,0,0,,0
,,,0,0,0,,0
,,,0,0,0,,0
,,,0,0,0,,0
,,,0,0,0,,0
,,,0,0,0,,0
,,,0,0,0,,0
,,,0,0,0,,0
,,,0,0,0,,0
,,,0,0,0,,0
-1.0,454.4,450.51,3664,3666,3671,False,3678
,,,0,0,0,,0
,,,0,0,0,,0
,,,0,0,0,,0
,,,0,0,0,,0
,,,0,0,0,,0
,,,0,0,0,,0
,,,0,0,0,,0
,,,0,0,0,,0
1.0,453.75,450.6807,3673,3676,3677,False,3717
,,,0,0,0,,0
,,,0,0,0,,0
,,,0,0,0,,0
,,,0,0,0,,0
,,,0,0,0,,0
,,,0,0,0,,0
,,,0,0,0,,0
,,,0,0,0,,0
,,,0,0,0,,0
,,,0,0,0,,0
,,,0,0,0,,0
-1.0,471.5,468.3,3685,3688,3689,False,4421
,,,0,0,0,,0
,,,0,0,0,,0
,,,0,0,0,,0
,,,0,0,0,,0
,,,0,0,0,,0
,,,0,0,0,,0
,,,0,0,0,,0
,,,0,0,0,,0
,,,0,0,0,,0
,,,0,0,0,,0
,,,0,0,0,,0
,,,0,0,0,,0
,,,0,0,0,,0
,,,0,0,0,,0
,,,0,0,0,,0
,,,0,0,0,,0
,,,0,0,0,,0
,,,0,0,0,,0
,,,0,0,0,,0
,,,0,0,0,,0
,,,0,0,0,,0
,,,0,0,0,,0
,,,0,0,0,,0
,,,0,0,0,,0
,,,0,0,0,,0
,,,0,0,0,,0
,,,0,0,0,,0
,,,0,0,0,,0
,,,0,0,0,,0
,,,0,0,0,,0
,,,0,0,0,,0
,,,0,0,0,,0
,,,0,0,0,,0
,,,0,0,0,,0
,,,0,0,0,,0
,,,0,0,0,,0
1.0,451.54,443.8325,3722,3731,3732,False,3734
,,,0,0,0,,0
,,,0,0,0,,0
,,,0,0,0,,0
,,,0,0,0,,0
,,,0,0,0,,0
,,,0,0,0,,0
,,,0,0,0,,0
-1.0,455.39,443.8325,3730,3734,3735,False,3745
,,,0,0,0,,0
,,,0,0,0,,0
,,,0,0,0,,0
,,,0,0,0,,0
,,,0,0,0,,0
,,,0,0,0,,0
,,,0,0,0,,0
,,,0,0,0,,0
1.0,453.1,450.06,3739,3743,3744,False,3761
,,,0,0,0,,0
,,,0,0,0,,0
,,,0,0,0,,0
,,,0,0,0,,0
,,,0,0,0,,0
,,,0,0,0,,0
,,,0,0,0,,0
,,,0,0,0,,0
,,,0,0,0,,0
,,,0,0,0,,0
-1.0,467.45,460.53,3750,3758,4396,False,4421
,,,0,0,0,,0
,,,0,0,0,,0
,,,0,0,0,,0
,,,0,0,0,,0
,,,0,0,0,,0
,,,0,0,0,,0
,,,0,0,0,,0
,,,0,0,0,,0
,,,0,0,0,,0
,,,0,0,0,,0
,,,0,0,0,,0
,,,0,0,0,,0
,,,0,0,0,,0
,,,0,0,0,,0
,,,0,0,0,,0
,,,0,0,0,,0
1.0,443.96,437.6,3767,3770,3771,False,3783
,,,0,0,0,,0
,,,0,0,0,,0
,,,0,0,0,,0
,,,0,0,0,,0
,,,0,0,0,,0
,,,0,0,0,,0
,,,0,0,0,,0
,,,0,0,0,,0
,,,0,0,0,,0
,,,0,0,0,,0
-1.0,451.19,447.62,3778,3781,3815,False,4239
,,,0,0,0,,0
,,,0,0,0,,0
,,,0,0,0,,0
,,,0,0,0,,0
,,,0,0,0,,0
,,,0,0,0,,0
,,,0,0,0,,0
,,,0,0,0,,0
,,,0,0,0,,0
,,,0,0,0,,0
,,,0,0,0,,0
,,,0,0,0,,0
,,,0,0,0,,0
,,,0,0,0,,0
,,,0,0,0,,0
,,,0,0,0,,0
1.0,429.43,424.44,3795,3798,3799,False,3887
,,,0,0,0,,0
,,,0,0,0,,0
,,,0,0,0,,0
,,,0,0,0,,0
,,,0,0,0,,0
,,,0,0,0,,0
-1.0,437.6,431.35,3802,3806,3807,False,3809
,,,0,0,0,,0
,,,0,0,0,,0
1.0,437.6,428.17,3805,3809,3810,False,3867
,,,0,0,0,,0
,,,0,0,0,,0
,,,0,0,0,,0
,,,0,0,0,,0
,,,0,0,0,,0
,,,0,0,0,,0
,,,0,0,0,,0
,,,0,0,0,,0
,,,0,0,0,,0
,,,0,0,0,,0
,,,0,0,0,,0
,,,0,0,0,,0
,,,0,0,0,,0
,,,0,0,0,,0
,,,0,0,0,,0
-1.0,448.7,446.07,3821,3824,3825,False,4239
,,,0,0,0,,0
,,,0,0,0,,0
,,,0,0,0,,0
,,,0,0,0,,0
,,,0,0,0,,0
,,,0,0,0,,0
,,,0,0,0,,0
,,,0,0,0,,0
,,,0,0,0,,0
,,,0,0,0,,0
,,,0,0,0,,0
,,,0,0,0,,0
,,,0,0,0,,0
,,,0,0,0,,0
,,,0,0,0,,0
,,,0,0,0,,0
,,,0,0,0,,0
,,,0,0,0,,0
,,,0,0,0,,0
,,,0,0,0,,0
,,,0,0,0,,0
,,,0,0,0,,0
,,,0,0,0,,0
,,,0,0,0,,0
1.0,435.42,433.23,3846,3850,3851,False,3863
,,,0,0,0,,0
,,,0,0,0,,0
,,,0,0,0,,0
,,,0,0,0,,0
,,,0,0,0,,0
,,,0,0,0,,0
,,,0,0,0,,0
,,,0,0,0,,0
,,,0,0,0,,0
,,,0,0,0,,0
-1.0,442.329,436.0,3857,3862,4189,False,4217
,,,0,0,0,,0
,,,0,0,0,,0
,,,0,0,0,,0
,,,0,0,0,,0
,,,0,0,0,,0
,,,0,0,0,,0
,,,0,0,0,,0
,,,0,0,0,,0
,,,0,0,0,,0
,,,0,0,0,,0
,,,0,0,0,,0
,,,0,0,0,,0
,,,0,0,0,,0
,,,0,0,0,,0
,,,0,0,0,,0
,,,0,0,0,,0
,,,0,0,0,,0
,,,0,0,0,,0
,,,0,0,0,,0
,,,0,0,0,,0
,,,0,0,0,,0
,,,0,0,0,,0
,,,0,0,0,,0
,,,0,0,0,,0
1.0,431.26,429.0,3882,3885,3886,False,3887
-1.0,432.75,429.0,3883,3887,4147,False,4189
,,,0,0,0,,0
,,,0,0,0,,0
,,,0,0,0,,0
,,,0,0,0,,0
,,,0,0,0,,0
,,,0,0,0,,0
,,,0,0,0,,0
,,,0,0,0,,0
,,,0,0,0,,0
,,,0,0,0,,0
,,,0,0,0,,0
,,,0,0,0,,0
,,,0,0,0,,0
,,,0,0,0,,0
,,,0,0,0,,0
,,,0,0,0,,0
,,,0,0,0,,0
,,,0,0,0,,0
,,,0,0,0,,0
,,,0,0,0,,0
,,,0,0,0,,0
,,,0,0,0,,0
,,,0,0,0,,0
,,,0,0,0,,0
,,,0,0,0,,0
1.0,402.87,400.0,3909,3911,3912,False,3913
-1.0,404.33,400.0,3910,3913,3916,False,3918
,,,0,0,0,,0
,,,0,0,0,,0
,,,0,0,0,,0
1.0,398.7,390.9301,3914,3916,3917,False,4046
,,,0,0,0,,0
,,,0,0,0,,0
,,,0,0,0,,0
,,,0,0,0,,0
,,,0,0,0,,0
,,,0,0,0,,0
,,,0,0,0,,0
,,,0,0,0,,0
-1.0,410.57,406.89,3923,3928,3930,False,3940
,,,0,0,0,,0
,,,0,0,0,,0
,,,0,0,0,,0
,,,0,0,0,,0
,,,0,0,0,,0
-1.0,410.42,404.53,3929,3938,3939,False,3940
1.0,408.49,404.96,3930,3932,3933,False,3938
,,,0,0,0,,0
,,,0,0,0,,0
,,,0,0,0,,0
1.0,410.42,398.8309,3934,3940,3955,False,3966
,,,0,0,0,,0
,,,0,0,0,,0
,,,0,0,0,,0
,,,0,0,0,,0
,,,0,0,0,,0
,,,0,0,0,,0
,,,0,0,0,,0
,,,0,0,0,,0
,,,0,0,0,,0
,,,0,0,0,,0
-1.0,423.96,412.82,3945,3953,3954,False,4018
,,,0,0,0,,0
,,,0,0,0,,0
,,,0,0,0,,0
,,,0,0,0,,0
,,,0,0,0,,0
,,,0,0,0,,0
,,,0,0,0,,0
,,,0,0,0,,0
,,,0,0,0,,0
,,,0,0,0,,0
,,,0,0,0,,0
,,,0,0,0,,0
,,,0,0,0,,0
,,,0,0,0,,0
,,,0,0,0,,0
,,,0,0,0,,0
,,,0,0,0,,0
,,,0,0,0,,0
,,,0,0,0,,0
,,,0,0,0,,0
,,,0,0,0,,0
,,,0,0,0,,0
1.0,400.14,394.61,3968,3971,4003,False,4046
,,,0,0,0,,0
,,,0,0,0,,0
,,,0,0,0,,0
,,,0,0,0,,0
,,,0,0,0,,0
,,,0,0,0,,0
,,,0,0,0,,0
,,,0,0,0,,0
,,,0,0,0,,0
,,,0,0,0,,0
,,,0,0,0,,0
-1.0,406.4,403.93,3980,3982,3983,False,3992
1.0,406.4,400.4016,3981,3992,3996,False,4006
,,,0,0,0,,0
,,,0,0,0,,0
,,,0,0,0,,0
,,,0,0,0,,0
,,,0,0,0,,0
,,,0,0,0,,0
,,,0,0,0,,0
,,,0,0,0,,0
,,,0,0,0,,0
,,,0,0,0,,0
,,,0,0,0,,0
,,,0,0,0,,0
,,,0,0,0,,0
,,,0,0,0,,0
-1.0,409.4808,403.59,3996,4001,4004,False,4017
,,,0,0,0,,0
,,,0,0,0,,0
,,,0,0,0,,0
,,,0,0,0,,0
,,,0,0,0,,0
,,,0,0,0,,0
,,,0,0,0,,0
,,,0,0,0,,0
,,,0,0,0,,0
,,,0,0,0,,0
,,,0,0,0,,0
,,,0,0,0,,0
,,,0,0,0,,0
,,,0,0,0,,0
,,,0,0,0,,0
1.0,403.83,400.58,4012,4014,4015,False,4029
,,,0,0,0,,0
,,,0,0,0,,0
,,,0,0,0,,0
,,,0,0,0,,0
,,,0,0,0,,0
,,,0,0,0,,0
,,,0,0,0,,0
-1.0,428.94,422.6742,4020,4023,4121,False,4147
,,,0,0,0,,0
,,,0,0,0,,0
,,,0,0,0,,0
,,,0,0,0,,0
,,,0,0,0,,0
,,,0,0,0,,0
,,,0,0,0,,0
,,,0,0,0,,0
,,,0,0,0,,0
,,,0,0,0,,0
,,,0,0,0,,0
,,,0,0,0,,0
,,,0,0,0,,0
,,,0,0,0,,0
-1.0,404.5799,397.39,4035,4042,4043,False,4069
1.0,403.14,398.92,4036,4038,4039,False,4041
,,,0,0,0,,0
,,,0,0,0,,0
,,,0,0,0,,0
,,,0,0,0,,0
,,,0,0,0,,0
,,,0,0,0,,0
,,,0,0,0,,0
,,,0,0,0,,0
,,,0,0,0,,0
,,,0,0,0,,0
,,,0,0,0,,0
1.0,390.2391,384.0,4048,4050,4051,True,4051
,,,0,0,0,,0
,,,0,0,0,,0
,,,0,0,0,,0
,,,0,0,0,,0
,,,0,0,0,,0
,,,0,0,0,,0
,,,0,0,0,,0
,,,0,0,0,,0
,,,0,0,0,,0
,,,0,0,0,,0
,,,0,0,0,,0
,,,0,0,0,,0
,,,0,0,0,,0
,,,0,0,0,,0
,,,0,0,0,,0
-1.0,398.9,396.2,4064,4066,4067,False,4069
,,,0,0,0,,0
1.0,398.78,390.56,4066,4069,0,,0
,,,0,0,0,,0
,,,0,0,0,,0
,,,0,0,0,,0
,,,0,0,0,,0
,,,0,0,0,,0
,,,0,0,0,,0
,,,0,0,0,,0
,,,0,0,0,,0
,,,0,0,0,,0
,,,0,0,0,,0
,,,0,0,0,,0
,,,0,0,0,,0
,,,0,0,0,,0
,,,0,0,0,,0
,,,0,0,0,,0
-1.0,421.71,418.53,4082,4089,4091,False,4121
,,,0,0,0,,0
,,,0,0,0,,0
,,,0,0,0,,0
,,,0,0,0,,0
,,,0,0,0,,0
,,,0,0,0,,0
,,,0,0,0,,0
,,,0,0,0,,0
,,,0,0,0,,0
,,,0,0,0,,0
,,,0,0,0,,0
,,,0,0,0,,0
,,,0,0,0,,0
,,,0,0,0,,0
,,,0,0,0,,0
,,,0,0,0,,0
,,,0,0,0,,0
1.0,412.2,408.5101,4100,4102,0,,0
,,,0,0,0,,0
,,,0,0,0,,0
,,,0,0,0,,0
,,,0,0,0,,0
,,,0,0,0,,0
,,,0,0,0,,0
,,,0,0,0,,0
-1.0,420.23,417.2101,4108,4112,4113,False,4121
,,,0,0,0,,0
,,,0,0,0,,0
,,,0,0,0,,0
,,,0,0,0,,0
,,,0,0,0,,0
,,,0,0,0,,0
,,,0,0,0,,0
,,,0,0,0,,0
1.0,418.46,416.585,4117,4120,4121,True,4121
,,,0,0,0,,0
,,,0,0,0,,0
,,,0,0,0,,0
,,,0,0,0,,0
,,,0,0,0,,0
,,,0,0,0,,0
,,,0,0,0,,0
,,,0,0,0,,0
,,,0,0,0,,0
,,,0,0,0,,0
,,,0,0,0,,0
,,,0,0,0,,0
,,,0,0,0,,0
,,,0,0,0,,0
,,,0,0,0,,0
,,,0,0,0,,0
,,,0,0,0,,0
,,,0,0,0,,0
,,,0,0,0,,0
,,,0,0,0,,0
,,,0,0,0,,0
,,,0,0,0,,0
,,,0,0,0,,0
,,,0,0,0,,0
,,,0,0,0,,0
,,,0,0,0,,0
,,,0,0,0,,0
,,,0,0,0,,0
,,,0,0,0,,0
,,,0,0,0,,0
,,,0,0,0,,0
,,,0,0,0,,0
,,,0,0,0,,0
,,,0,0,0,,0
,,,0,0,0,,0
,,,0,0,0,,0
,,,0,0,0,,0
-1.0,431.46,428.45,4155,4161,4162,False,4189
,,,0,0,0,,0
,,,0,0,0,,0
1.0,430.15,425.3,4158,4163,4164,False,4194
,,,0,0,0,,0
,,,0,0,0,,0
,,,0,0,0,,0
,,,0,0,0,,0
,,,0,0,0,,0
,,,0,0,0,,0
,,,0,0,0,,0
,,,0,0,0,,0
,,,0,0,0,,0
,,,0,0,0,,0
,,,0,0,0,,0
,,,0,0,0,,0
,,,0,0,0,,0
-1.0,431.11,427.33,4172,4181,4183,False,4189
,,,0,0,0,,0
1.0,431.11,426.32,4174,4189,4190,False,4193
,,,0,0,0,,0
,,,0,0,0,,0
,,,0,0,0,,0
,,,0,0,0,,0
,,,0,0,0,,0
,,,0,0,0,,0
,,,0,0,0,,0
,,,0,0,0,,0
,,,0,0,0,,0
,,,0,0,0,,0
,,,0,0,0,,0
,,,0,0,0,,0
,,,0,0,0,,0
,,,0,0,0,,0
,,,0,0,0,,0
,,,0,0,0,,0
-1.0,431.97,429.13,4191,4193,4208,False,4213
,,,0,0,0,,0
,,,0,0,0,,0
,,,0,0,0,,0
,,,0,0,0,,0
1.0,425.2,423.0,4196,4198,4199,True,4199
,,,0,0,0,,0
,,,0,0,0,,0
,,,0,0,0,,0
,,,0,0,0,,0
,,,0,0,0,,0
,,,0,0,0,,0
,,,0,0,0,,0
,,,0,0,0,,0
,,,0,0,0,,0
,,,0,0,0,,0
,,,0,0,0,,0
,,,0,0,0,,0
,,,0,0,0,,0
,,,0,0,0,,0
,,,0,0,0,,0
,,,0,0,0,,0
,,,0,0,0,,0
,,,0,0,0,,0
,,,0,0,0,,0
,,,0,0,0,,0
,,,0,0,0,,0
,,,0,0,0,,0
,,,0,0,0,,0
,,,0,0,0,,0
,,,0,0,0,,0
,,,0,0,0,,0
,,,0,0,0,,0
,,,0,0,0,,0
,,,0,0,0,,0
,,,0,0,0,,0
,,,0,0,0,,0
,,,0,0,0,,0
,,,0,0,0,,0
,,,0,0,0,,0
,,,0,0,0,,0
,,,0,0,0,,0
,,,0,0,0,,0
,,,0,0,0,,0
,,,0,0,0,,0
,,,0,0,0,,0
,,,0,0,0,,0
,,,0,0,0,,0
,,,0,0,0,,0
,,,0,0,0,,0
,,,0,0,0,,0
,,,0,0,0,,0
,,,0,0,0,,0
,,,0,0,0,,0
,,,0,0,0,,0
,,,0,0,0,,0
,,,0,0,0,,0
,,,0,0,0,,0
,,,0,0,0,,0
,,,0,0,0,,0
,,,0,0,0,,0
,,,0,0,0,,0
,,,0,0,0,,0
,,,0,0,0,,0
,,,0,0,0,,0
,,,0,0,0,,0
,,,0,0,0,,0
,,,0,0,0,,0
,,,0,0,0,,0
,,,0,0,0,,0
,,,0,0,0,,0
,,,0,0,0,,0
,,,0,0,0,,0
,,,0,0,0,,0
,,,0,0,0,,0
,,,0,0,0,,0
-1.0,458.87,454.02,4267,4272,4273,False,4396
,,,0,0,0,,0
,,,0,0,0,,0
,,,0,0,0,,0
,,,0,0,0,,0
,,,0,0,0,,0
,,,0,0,0,,0
,,,0,0,0,,0
,,,0,0,0,,0
,,,0,0,0,,0
,,,0,0,0,,0
1.0,454.85,453.78,4278,4280,4281,False,4291
,,,0,0,0,,0
,,,0,0,0,,0
,,,0,0,0,,0
,,,0,0,0,,0
,,,0,0,0,,0
,,,0,0,0,,0
,,,0,0,0,,0
-1.0,455.815,454.06,4286,4291,4365,False,4366
,,,0,0,0,,0
,,,0,0,0,,0
,,,0,0,0,,0
,,,0,0,0,,0
,,,0,0,0,,0
,,,0,0,0,,0
,,,0,0,0,,0
,,,0,0,0,,0
,,,0,0,0,,0
,,,0,0,0,,0
,,,0,0,0,,0
,,,0,0,0,,0
,,,0,0,0,,0
,,,0,0,0,,0
,,,0,0,0,,0
,,,0,0,0,,0
,,,0,0,0,,0
,,,0,0,0,,0
,,,0,0,0,,0
,,,0,0,0,,0
,,,0,0,0,,0
,,,0,0,0,,0
,,,0,0,0,,0
,,,0,0,0,,0
1.0,438.41,436.46,4311,4316,4317,False,4738
,,,0,0,0,,0
,,,0,0,0,,0
,,,0,0,0,,0
,,,0,0,0,,0
,,,0,0,0,,0
,,,0,0,0,,0
,,,0,0,0,,0
,,,0,0,0,,0
,,,0,0,0,,0
,,,0,0,0,,0
,,,0,0,0,,0
,,,0,0,0,,0
,,,0,0,0,,0
,,,0,0,0,,0
,,,0,0,0,,0
,,,0,0,0,,0
,,,0,0,0,,0
,,,0,0,0,,0
,,,0,0,0,,0
,,,0,0,0,,0
,,,0,0,0,,0
,,,0,0,0,,0
,,,0,0,0,,0
-1.0,449.5999,448.17,4335,4337,4338,False,4364
,,,0,0,0,,0
,,,0,0,0,,0
,,,0,0,0,,0
,,,0,0,0,,0
,,,0,0,0,,0
,,,0,0,0,,0
,,,0,0,0,,0
,,,0,0,0,,0
,,,0,0,0,,0
,,,0,0,0,,0
,,,0,0,0,,0
,,,0,0,0,,0
,,,0,0,0,,0
,,,0,0,0,,0
,,,0,0,0,,0
,,,0,0,0,,0
,,,0,0,0,,0
1.0,446.44,444.29,4353,4361,4369,False,4370
,,,0,0,0,,0
,,,0,0,0,,0
,,,0,0,0,,0
,,,0,0,0,,0
,,,0,0,0,,0
,,,0,0,0,,0
,,,0,0,0,,0
,,,0,0,0,,0
,,,0,0,0,,0
-1.0,456.88,446.66,4363,4369,4382,False,4395
,,,0,0,0,,0
,,,0,0,0,,0
,,,0,0,0,,0
,,,0,0,0,,0
,,,0,0,0,,0
,,,0,0,0,,0
,,,0,0,0,,0
,,,0,0,0,,0
,,,0,0,0,,0
,,,0,0,0,,0
,,,0,0,0,,0
1.0,443.18,440.91,4375,4377,4378,False,4734
,,,0,0,0,,0
,,,0,0,0,,0
,,,0,0,0,,0
,,,0,0,0,,0
,,,0,0,0,,0
,,,0,0,0,,0
,,,0,0,0,,0
,,,0,0,0,,0
,,,0,0,0,,0
,,,0,0,0,,0
,,,0,0,0,,0
-1.0,448.04,445.93,4387,4392,4393,False,4395
,,,0,0,0,,0
1.0,448.04,444.18,4389,4395,4399,False,4403
,,,0,0,0,,0
,,,0,0,0,,0
,,,0,0,0,,0
-1.0,463.01,444.18,4393,4403,4405,False,4421
,,,0,0,0,,0
,,,0,0,0,,0
,,,0,0,0,,0
,,,0,0,0,,0
,,,0,0,0,,0
,,,0,0,0,,0
,,,0,0,0,,0
,,,0,0,0,,0
,,,0,0,0,,0
,,,0,0,0,,0
,,,0,0,0,,0
,,,0,0,0,,0
,,,0,0,0,,0
,,,0,0,0,,0
,,,0,0,0,,0
,,,0,0,0,,0
,,,0,0,0,,0
,,,0,0,0,,0
,,,0,0,0,,0
,,,0,0,0,,0
,,,0,0,0,,0
1.0,453.09,450.9,4415,4418,4695,False,4717
,,,0,0,0,,0
,,,0,0,0,,0
,,,0,0,0,,0
,,,0,0,0,,0
,,,0,0,0,,0
,,,0,0,0,,0
,,,0,0,0,,0
,,,0,0,0,,0
,,,0,0,0,,0
,,,0,0,0,,0
,,,0,0,0,,0
-1.0,481.7694,475.93,4427,4436,4437,False,4467
,,,0,0,0,,0
,,,0,0,0,,0
,,,0,0,0,,0
,,,0,0,0,,0
,,,0,0,0,,0
,,,0,0,0,,0
,,,0,0,0,,0
,,,0,0,0,,0
,,,0,0,0,,0
,,,0,0,0,,0
,,,0,0,0,,0
1.0,478.3206,475.54,4439,4442,4443,False,4446
,,,0,0,0,,0
,,,0,0,0,,0
1.0,478.8712,465.83,4442,4449,4450,False,4643
,,,0,0,0,,0
-1.0,480.64,476.77,4444,4446,4448,False,4467
,,,0,0,0,,0
,,,0,0,0,,0
,,,0,0,0,,0
,,,0,0,0,,0
,,,0,0,0,,0
,,,0,0,0,,0
,,,0,0,0,,0
,,,0,0,0,,0
,,,0,0,0,,0
,,,0,0,0,,0
,,,0,0,0,,0
,,,0,0,0,,0
,,,0,0,0,,0
,,,0,0,0,,0
,,,0,0,0,,0
,,,0,0,0,,0
,,,0,0,0,,0
,,,0,0,0,,0
,,,0,0,0,,0
,,,0,0,0,,0
,,,0,0,0,,0
,,,0,0,0,,0
,,,0,0,0,,0
,,,0,0,0,,0
,,,0,0,0,,0
,,,0,0,0,,0
,,,0,0,0,,0
,,,0,0,0,,0
,,,0,0,0,,0
-1.0,493.98,486.22,4474,4477,4504,False,4560
,,,0,0,0,,0
,,,0,0,0,,0
,,,0,0,0,,0
,,,0,0,0,,0
,,,0,0,0,,0
,,,0,0,0,,0
,,,0,0,0,,0
,,,0,0,0,,0
,,,0,0,0,,0
,,,0,0,0,,0
,,,0,0,0,,0
,,,0,0,0,,0
,,,0,0,0,,0
,,,0,0,0,,0
,,,0,0,0,,0
,,,0,0,0,,0
,,,0,0,0,,0
1.0,469.11,466.7501,4492,4494,4495,False,4643
,,,0,0,0,,0
,,,0,0,0,,0
,,,0,0,0,,0
,,,0,0,0,,0
,,,0,0,0,,0
,,,0,0,0,,0
,,,0,0,0,,0
,,,0,0,0,,0
,,,0,0,0,,0
,,,0,0,0,,0
,,,0,0,0,,0
,,,0,0,0,,0
,,,0,0,0,,0
,,,0,0,0,,0
-1.0,490.86,487.45,4507,4509,4510,False,4551
,,,0,0,0,,0
,,,0,0,0,,0
,,,0,0,0,,0
,,,0,0,0,,0
,,,0,0,0,,0
,,,0,0,0,,0
,,,0,0,0,,0
,,,0,0,0,,0
,,,0,0,0,,0
,,,0,0,0,,0
,,,0,0,0,,0
,,,0,0,0,,0
,,,0,0,0,,0
,,,0,0,0,,0
,,,0,0,0,,0
,,,0,0,0,,0
,,,0,0,0,,0
,,,0,0,0,,0
,,,0,0,0,,0
,,,0,0,0,,0
,,,0,0,0,,0
,,,0,0,0,,0
,,,0,0,0,,0
,,,0,0,0,,0
,,,0,0,0,,0
,,,0,0,0,,0
,,,0,0,0,,0
,,,0,0,0,,0
,,,0,0,0,,0
1.0,480.47,477.82,4537,4539,4540,False,4606
,,,0,0,0,,0
,,,0,0,0,,0
,,,0,0,0,,0
,,,0,0,0,,0
,,,0,0,0,,0
,,,0,0,0,,0
,,,0,0,0,,0
,,,0,0,0,,0
,,,0,0,0,,0
,,,0,0,0,,0
,,,0,0,0,,0
,,,0,0,0,,0
,,,0,0,0,,0
,,,0,0,0,,0
,,,0,0,0,,0
,,,0,0,0,,0
,,,0,0,0,,0
,,,0,0,0,,0
,,,0,0,0,,0
,,,0,0,0,,0
,,,0,0,0,,0
,,,0,0,0,,0
,,,0,0,0,,0
,,,0,0,0,,0
,,,0,0,0,,0
-1.0,496.41,493.63,4563,4570,4571,True,4571
,,,0,0,0,,0
,,,0,0,0,,0
,,,0,0,0,,0
,,,0,0,0,,0
,,,0,0,0,,0
,,,0,0,0,,0
,,,0,0,0,,0
,,,0,0,0,,0
,,,0,0,0,,0
,,,0,0,0,,0
,,,0,0,0,,0
,,,0,0,0,,0
,,,0,0,0,,0
,,,0,0,0,,0
,,,0,0,0,,0
,,,0,0,0,,0
,,,0,0,0,,0
,,,0,0,0,,0
,,,0,0,0,,0
,,,0,0,0,,0
,,,0,0,0,,0
,,,0,0,0,,0
,,,0,0,0,,0
,,,0,0,0,,0
,,,0,0,0,,0
,,,0,0,0,,0
,,,0,0,0,,0
,,,0,0,0,,0
,,,0,0,0,,0
1.0,486.06,482.8448,4593,4598,4599,False,4603
,,,0,0,0,,0
,,,0,0,0,,0
-1.0,490.0801,483.05,4596,4603,4616,True,4616
,,,0,0,0,,0
,,,0,0,0,,0
,,,0,0,0,,0
,,,0,0,0,,0
,,,0,0,0,,0
,,,0,0,0,,0
,,,0,0,0,,0
,,,0,0,0,,0
,,,0,0,0,,0
,,,0,0,0,,0
,,,0,0,0,,0
1.0,480.6447,478.29,4608,4610,4619,False,4620
,,,0,0,0,,0
,,,0,0,0,,0
,,,0,0,0,,0
,,,0,0,0,,0
,,,0,0,0,,0
-1.0,489.09,481.22,4614,4619,0,,0
,,,0,0,0,,0
,,,0,0,0,,0
,,,0,0,0,,0
,,,0,0,0,,0
,,,0,0,0,,0
,,,0,0,0,,0
,,,0,0,0,,0
,,,0,0,0,,0
,,,0,0,0,,0
,,,0,0,0,,0
,,,0,0,0,,0
1.0,479.2,476.6101,4626,4628,4631,False,4642
,,,0,0,0,,0
,,,0,0,0,,0
,,,0,0,0,,0
,,,0,0,0,,0
,,,0,0,0,,0
,,,0,0,0,,0
,,,0,0,0,,0
,,,0,0,0,,0
,,,0,0,0,,0
,,,0,0,0,,0
,,,0,0,0,,0
-1.0,478.8699,477.75,4638,4641,0,,0
,,,0,0,0,,0
,,,0,0,0,,0
,,,0,0,0,,0
,,,0,0,0,,0
,,,0,0,0,,0
,,,0,0,0,,0
,,,0,0,0,,0
,,,0,0,0,,0
,,,0,0,0,,0
,,,0,0,0,,0
1.0,467.75,466.065,4649,4651,4653,False,4655
,,,0,0,0,,0
,,,0,0,0,,0
,,,0,0,0,,0
,,,0,0,0,,0
,,,0,0,0,,0
-1.0,466.79,465.41,4655,4657,0,,0
,,,0,0,0,,0
,,,0,0,0,,0
,,,0,0,0,,0
,,,0,0,0,,0
,,,0,0,0,,0
1.0,463.425,461.9501,4661,4664,4665,False,4668
-1.0,464.345,461.9501,4662,4668,4675,True,4675
,,,0,0,0,,0
,,,0,0,0,,0
,,,0,0,0,,0
,,,0,0,0,,0
,,,0,0,0,,0
,,,0,0,0,,0
,,,0,0,0,,0
,,,0,0,0,,0
,,,0,0,0,,0
,,,0,0,0,,0
,,,0,0,0,,0
,,,0,0,0,,0
1.0,462.21,460.31,4675,4679,4680,False,4682
,,,0,0,0,,0
,,,0,0,0,,0
,,,0,0,0,,0
-1.0,463.12,460.69,4679,4682,4685,True,4685
,,,0,0,0,,0
,,,0,0,0,,0
,,,0,0,0,,0
,,,0,0,0,,0
,,,0,0,0,,0
,,,0,0,0,,0
,,,0,0,0,,0
,,,0,0,0,,0
,,,0,0,0,,0
,,,0,0,0,,0
,,,0,0,0,,0
,,,0,0,0,,0
,,,0,0,0,,0
,,,0,0,0,,0
,,,0,0,0,,0
,,,0,0,0,,0
,,,0,0,0,,0
,,,0,0,0,,0
,,,0,0,0,,0
,,,0,0,0,,0
,,,0,0,0,,0
,,,0,0,0,,0
,,,0,0,0,,0
,,,0,0,0,,0
1.0,454.2499,452.66,4704,4706,4708,False,4715
,,,0,0,0,,0
,,,0,0,0,,0
,,,0,0,0,,0
-1.0,455.35,453.26,4708,4715,4721,False,4721
1.0,455.35,449.3,4709,4721,4722,False,4723
,,,0,0,0,,0
,,,0,0,0,,0
,,,0,0,0,,0
,,,0,0,0,,0
,,,0,0,0,,0
,,,0,0,0,,0
,,,0,0,0,,0
,,,0,0,0,,0
,,,0,0,0,,0
-1.0,458.33,449.3,4719,4723,4724,True,4724
,,,0,0,0,,0
,,,0,0,0,,0
,,,0,0,0,,0
,,,0,0,0,,0
,,,0,0,0,,0
,,,0,0,0,,0
,,,0,0,0,,0
,,,0,0,0,,0
,,,0,0,0,,0
,,,0,0,0,,0
,,,0,0,0,,0
,,,0,0,0,,0
,,,0,0,0,,0
,,,0,0,0,,0
,,,0,0,0,,0
,,,0,0,0,,0
,,,0,0,0,,0
,,,0,0,0,,0
,,,0,0,0,,0
1.0,438.63,435.6201,4739,4741,4745,False,4778
,,,0,0,0,,0
,,,0,0,0,,0
,,,0,0,0,,0
,,,0,0,0,,0
,,,0,0,0,,0
,,,0,0,0,,0
,,,0,0,0,,0
,,,0,0,0,,0
,,,0,0,0,,0
,,,0,0,0,,0
,,,0,0,0,,0
,,,0,0,0,,0
,,,0,0,0,,0
,,,0,0,0,,0
,,,0,0,0,,0
,,,0,0,0,,0
,,,0,0,0,,0
,,,0,0,0,,0
,,,0,0,0,,0
,,,0,0,0,,0
,,,0,0,0,,0
,,,0,0,0,,0
,,,0,0,0,,0
,,,0,0,0,,0
,,,0,0,0,,0
,,,0,0,0,,0
,,,0,0,0,,0
,,,0,0,0,,0
,,,0,0,0,,0
-1.0,456.24,454.21,4769,4772,4888,True,4888
,,,0,0,0,,0
,,,0,0,0,,0
,,,0,0,0,,0
,,,0,0,0,,0
,,,0,0,0,,0
,,,0,0,0,,0
,,,0,0,0,,0
,,,0,0,0,,0
,,,0,0,0,,0
,,,0,0,0,,0
,,,0,0,0,,0
,,,0,0,0,,0
,,,0,0,0,,0
,,,0,0,0,,0
,,,0,0,0,,0
1.0,432.54,428.78,4785,4791,4794,False,4825
,,,0,0,0,,0
,,,0,0,0,,0
,,,0,0,0,,0
,,,0,0,0,,0
,,,0,0,0,,0
,,,0,0,0,,0
,,,0,0,0,,0
,,,0,0,0,,0
,,,0,0,0,,0
,,,0,0,0,,0
,,,0,0,0,,0
,,,0,0,0,,0
,,,0,0,0,,0
,,,0,0,0,,0
,,,0,0,0,,0
,,,0,0,0,,0
,,,0,0,0,,0
,,,0,0,0,,0
,,,0,0,0,,0
,,,0,0,0,,0
,,,0,0,0,,0
,,,0,0,0,,0
,,,0,0,0,,0
,,,0,0,0,,0
-1.0,437.75,435.88,4810,4816,4818,False,4853
,,,0,0,0,,0
,,,0,0,0,,0
,,,0,0,0,,0
,,,0,0,0,,0
,,,0,0,0,,0
,,,0,0,0,,0
,,,0,0,0,,0
,,,0,0,0,,0
,,,0,0,0,,0
,,,0,0,0,,0
,,,0,0,0,,0
,,,0,0,0,,0
,,,0,0,0,,0
,,,0,0,0,,0
,,,0,0,0,,0
,,,0,0,0,,0
,,,0,0,0,,0
1.0,435.05,432.0301,4828,4833,4834,True,4834
,,,0,0,0,,0
,,,0,0,0,,0
,,,0,0,0,,0
,,,0,0,0,,0
,,,0,0,0,,0
,,,0,0,0,,0
,,,0,0,0,,0
-1.0,436.89,433.81,4836,4842,4844,False,4852
,,,0,0,0,,0
,,,0,0,0,,0
,,,0,0,0,,0
,,,0,0,0,,0
,,,0,0,0,,0
,,,0,0,0,,0
,,,0,0,0,,0
,,,0,0,0,,0
,,,0,0,0,,0
,,,0,0,0,,0
1.0,435.8,434.35,4847,4850,4851,False,4852
,,,0,0,0,,0
-1.0,437.73,434.35,4849,4852,4853,False,4853
1.0,436.25,430.39,4850,4853,4934,True,4934
,,,0,0,0,,0
,,,0,0,0,,0
,,,0,0,0,,0
,,,0,0,0,,0
,,,0,0,0,,0
,,,0,0,0,,0
,,,0,0,0,,0
,,,0,0,0,,0
,,,0,0,0,,0
,,,0,0,0,,0
,,,0,0,0,,0
,,,0,0,0,,0
,,,0,0,0,,0
,,,0,0,0,,0
,,,0,0,0,,0
-1.0,448.06,446.36,4866,4871,4872,False,4878
,,,0,0,0,,0
,,,0,0,0,,0
,,,0,0,0,,0
,,,0,0,0,,0
,,,0,0,0,,0
,,,0,0,0,,0
,,,0,0,0,,0
,,,0,0,0,,0
,,,0,0,0,,0
1.0,445.97,438.0,4876,4878,4906,False,4933
,,,0,0,0,,0
,,,0,0,0,,0
,,,0,0,0,,0
,,,0,0,0,,0
,,,0,0,0,,0
,,,0,0,0,,0
,,,0,0,0,,0
,,,0,0,0,,0
,,,0,0,0,,0
,,,0,0,0,,0
,,,0,0,0,,0
,,,0,0,0,,0
-1.0,453.9199,451.7401,4889,4891,4893,True,4893
,,,0,0,0,,0
,,,0,0,0,,0
,,,0,0,0,,0
,,,0,0,0,,0
,,,0,0,0,,0
,,,0,0,0,,0
,,,0,0,0,,0
,,,0,0,0,,0
,,,0,0,0,,0
,,,0,0,0,,0
,,,0,0,0,,0
,,,0,0,0,,0
,,,0,0,0,,0
,,,0,0,0,,0
,,,0,0,0,,0
1.0,451.06,445.4,4905,4908,4909,False,4920
,,,0,0,0,,0
,,,0,0,0,,0
,,,0,0,0,,0
,,,0,0,0,,0
-1.0,451.81,448.82,4910,4915,0,,0
,,,0,0,0,,0
,,,0,0,0,,0
,,,0,0,0,,0
,,,0,0,0,,0
,,,0,0,0,,0
,,,0,0,0,,0
,,,0,0,0,,0
,,,0,0,0,,0
,,,0,0,0,,0
,,,0,0,0,,0
,,,0,0,0,,0
1.0,446.05,444.61,4922,4924,4925,False,4929
,,,0,0,0,,0
,,,0,0,0,,0
,,,0,0,0,,0
-1.0,447.83,445.08,4926,4929,4958,True,4958
,,,0,0,0,,0
,,,0,0,0,,0
,,,0,0,0,,0
,,,0,0,0,,0
,,,0,0,0,,0
,,,0,0,0,,0
,,,0,0,0,,0
,,,0,0,0,,0
,,,0,0,0,,0
,,,0,0,0,,0
,,,0,0,0,,0
,,,0,0,0,,0
,,,0,0,0,,0
1.0,436.57,434.76,4940,4948,4949,True,4949
,,,0,0,0,,0
,,,0,0,0,,0
,,,0,0,0,,0
,,,0,0,0,,0
,,,0,0,0,,0
,,,0,0,0,,0
,,,0,0,0,,0
,,,0,0,0,,0
,,,0,0,0,,0
-1.0,438.37,435.82,4950,4952,4953,False,4954
1.0,438.37,435.03,4951,4954,4978,True,4978
,,,0,0,0,,0
,,,0,0,0,,0
,,,0,0,0,,0
,,,0,0,0,,0
,,,0,0,0,,0
,,,0,0,0,,0
,,,0,0,0,,0
,,,0,0,0,,0
,,,0,0,0,,0
,,,0,0,0,,0
-1.0,444.25,442.39,4962,4967,4968,False,4981
,,,0,0,0,,0
,,,0,0,0,,0
,,,0,0,0,,0
1.0,443.54,437.65,4966,4981,4982,False,4984
,,,0,0,0,,0
,,,0,0,0,,0
,,,0,0,0,,0
,,,0,0,0,,0
,,,0,0,0,,0
,,,0,0,0,,0
,,,0,0,0,,0
,,,0,0,0,,0
,,,0,0,0,,0
,,,0,0,0,,0
,,,0,0,0,,0
,,,0,0,0,,0
-1.0,447.21,437.65,4979,4984,4987,True,4987
,,,0,0,0,,0
,,,0,0,0,,0
,,,0,0,0,,0
,,,0,0,0,,0
,,,0,0,0,,0
,,,0,0,0,,0
,,,0,0,0,,0
,,,0,0,0,,0
,,,0,0,0,,0
,,,0,0,0,,0
,,,0,0,0,,0
,,,0,0,0,,0
,,,0,0,0,,0
,,,0,0,0,,0
,,,0,0,0,,0
,,,0,0,0,,0
,,,0,0,0,,0
,,,0,0,0,,0
,,,0,0,0,,0
,,,0,0,0,,0
