,FVG,Top,Bottom,MitigatedIndex,Respected,StatusIndex
0,,,,,,0
1,,,,,,0
2,,,,,,0
3,,,,,,0
4,,,,,,0
5,,,,,,0
6,,,,,,0
7,,,,,,0
8,-1.0,189.48,187.25999,10.0,False,11
9,,,,,,0
10,1.0,188.86,187.25999,22.0,False,23
11,1.0,197.39999,188.89,13.0,False,22
12,,,,,,0
13,,,,,,0
14,,,,,,0
15,,,,,,0
16,,,,,,0
17,1.0,198.25999,197.57001,22.0,False,22
18,,,,,,0
19,,,,,,0
20,,,,,,0
21,,,,,,0
22,-1.0,198.5,184.59,61.0,False,104
23,-1.0,186.72,181.58,26.0,False,61
24,,,,,,0
25,,,,,,0
26,,,,,,0
27,,,,,,0
28,,,,,,0
29,-1.0,172.41,171.17,32.0,False,32
30,-1.0,169.14999,165.17999,32.0,False,32
31,,,,,,0
32,1.0,167.42,165.17999,36.0,False,45
33,,,,,,0
34,,,,,,0
35,,,,,,0
36,,,,,,0
37,1.0,177.38,171.2,39.0,False,42
38,,,,,,0
39,,,,,,0
40,,,,,,0
41,-1.0,175.3,167.69,43.0,False,47
42,,,,,,0
43,1.0,168.0099945,167.69,45.0,False,45
44,,,,,,0
45,,,,,,0
46,1.0,171.92,170.86,48.0,False,51
47,,,,,,0
48,,,,,,0
49,,,,,,0
50,,,,,,0
51,-1.0,170.36,158.19,53.0,False,61
52,,,,,,0
53,-1.0,153.75,152.2,58.0,False,58
54,-1.0,153.78,150.94,58.0,False,58
55,-1.0,148.7,144.44,57.0,False,58
56,,,,,,0
57,1.0,157.50999,144.44,0.0,,0
58,,,,,,0
59,,,,,,0
60,,,,,,0
61,1.0,182.84,172.12,63.0,False,69
62,,,,,,0
63,,,,,,0
64,,,,,,0
65,,,,,,0
66,,,,,,0
67,-1.0,182.2,176.059998,72.0,False,77
68,,,,,,0
69,,,,,,0
70,,,,,,0
71,1.0,174.070007,173.059998,73.0,False,91
72,,,,,,0
73,,,,,,0
74,,,,,,0
75,,,,,,0
76,,,,,,0
77,1.0,178.12,177.75,79.0,False,79
78,,,,,,0
79,,,,,,0
80,,,,,,0
81,,,,,,0
82,,,,,,0
83,,,,,,0
84,,,,,,0
85,,,,,,0
86,,,,,,0
87,,,,,,0
88,,,,,,0
89,,,,,,0
90,-1.0,175.58,174.75,92.0,False,92
91,,,,,,0
92,1.0,181.23,174.75,94.0,True,94
93,,,,,,0
94,,,,,,0
95,,,,,,0
96,,,,,,0
97,,,,,,0
98,,,,,,0
99,,,,,,0
100,,,,,,0
101,1.0,194.050003,187.97,128.0,True,128
102,,,,,,0
103,,,,,,0
104,1.0,218.059998,203.2,120.0,False,128
105,1.0,234.25,213.23,112.0,False,127
106,1.0,242.46001,231.3,111.0,False,120
107,,,,,,0
108,,,,,,0
109,,,,,,0
110,,,,,,0
111,-1.0,257.85999,251.84,113.0,False,166
112,,,,,,0
113,,,,,,0
114,,,,,,0
115,,,,,,0
116,,,,,,0
117,,,,,,0
118,,,,,,0
119,-1.0,243.75,225.99001,121.0,False,160
120,-1.0,245.63,226.0,123.0,False,162
121,,,,,,0
122,,,,,,0
123,,,,,,0
124,,,,,,0
125,,,,,,0
126,-1.0,226.78999,216.13,137.0,False,150
127,-1.0,214.33,203.88,134.0,False,137
128,,,,,,0
129,,,,,,0
130,,,,,,0
131,,,,,,0
132,,,,,,0
133,,,,,,0
134,,,,,,0
135,,,,,,0
136,1.0,210.8,208.44,141.0,False,145
137,,,,,,0
138,,,,,,0
139,,,,,,0
140,,,,,,0
141,,,,,,0
142,,,,,,0
143,,,,,,0
144,,,,,,0
145,,,,,,0
146,,,,,,0
147,,,,,,0
148,,,,,,0
149,1.0,222.25,219.89999,151.0,False,151
150,,,,,,0
151,-1.0,222.25,219.87,153.0,False,153
152,,,,,,0
153,,,,,,0
154,,,,,,0
155,,,,,,0
156,,,,,,0
157,,,,,,0
158,,,,,,0
159,,,,,,0
160,1.0,235.92,235.67999,175.0,False,176
161,,,,,,0
162,1.0,249.050003,243.99001,168.0,False,170
163,1.0,252.28,250.0,165.0,False,169
164,,,,,,0
165,,,,,,0
166,,,,,,0
167,,,,,,0
168,-1.0,255.77,251.16,185.0,False,185
169,,,,,,0
170,,,,,,0
171,,,,,,0
172,,,,,,0
173,,,,,,0
174,,,,,,0
175,-1.0,239.50999,223.34,178.0,False,185
176,-1.0,232.34,221.91,178.0,False,185
177,,,,,,0
178,,,,,,0
179,,,,,,0
180,,,,,,0
181,,,,,,0
182,-1.0,219.23,218.22,184.0,False,185
183,,,,,,0
184,,,,,,0
185,1.0,255.32001,218.72,190.0,True,190
186,1.0,262.23999,262.12,188.0,False,188
187,,,,,,0
188,,,,,,0
189,,,,,,0
190,-1.0,255.82001,254.0,193.0,False,194
191,-1.0,249.25,248.89999,193.0,False,193
192,,,,,,0
193,1.0,275.62,248.89999,270.0,False,276
194,1.0,285.51999,255.28,269.0,False,276
195,1.0,297.66,289.59,267.0,False,269
196,1.0,336.0,299.75,198.0,False,268
197,,,,,,0
198,,,,,,0
199,,,,,,0
200,,,,,,0
201,1.0,330.01001,329.98001,209.0,False,258
202,,,,,,0
203,,,,,,0
204,,,,,,0
205,,,,,,0
206,,,,,,0
207,,,,,,0
208,,,,,,0
209,,,,,,0
210,1.0,351.14999,342.54999,212.0,False,258
211,1.0,348.20001,345.45001,258.0,False,258
212,,,,,,0
213,1.0,359.5,355.69,257.0,False,257
214,1.0,370.79999,358.10001,255.0,False,257
215,1.0,378.01001,375.42999,232.0,False,255
216,,,,,,0
217,,,,,,0
218,1.0,415.0,409.73001,231.0,False,231
219,,,,,,0
220,1.0,436.14999,429.29999,223.0,False,225
221,1.0,457.51001,436.29999,223.0,False,224
222,,,,,,0
223,-1.0,457.51001,456.35999,227.0,False,227
224,,,,,,0
225,,,,,,0
226,,,,,,0
227,1.0,451.019989,434.51001,229.0,False,229
228,,,,,,0
229,-1.0,451.019989,427.0,231.0,False,418
230,,,,,,0
231,-1.0,415.75,392.73001,233.0,False,240
232,,,,,,0
233,1.0,401.70001,392.73001,235.0,False,249
234,,,,,,0
235,,,,,,0
236,,,,,,0
237,,,,,,0
238,,,,,,0
239,,,,,,0
240,,,,,,0
241,,,,,,0
242,,,,,,0
243,,,,,,0
244,,,,,,0
245,,,,,,0
246,-1.0,408.95001,406.69,250.0,False,406
247,,,,,,0
248,,,,,,0
249,,,,,,0
250,,,,,,0
251,,,,,,0
252,-1.0,401.34,394.0,405.0,False,406
253,,,,,,0
254,-1.0,381.39999,375.39999,256.0,False,405
255,,,,,,0
256,-1.0,363.17999,362.70001,263.0,False,404
257,-1.0,360.34,349.37,260.0,False,263
258,-1.0,350.51001,346.39999,260.0,False,260
259,,,,,,0
260,1.0,347.5,346.39999,265.0,False,265
261,,,,,,0
262,,,,,,0
263,,,,,,0
264,,,,,,0
265,-1.0,348.0,342.39999,322.0,False,324
266,-1.0,334.42001,328.89001,321.0,False,322
267,-1.0,324.70001,309.0,320.0,False,321
268,-1.0,297.25,297.23001,271.0,False,319
269,,,,,,0
270,,,,,,0
271,,,,,,0
272,,,,,,0
273,,,,,,0
274,-1.0,267.70999,266.25,286.0,False,286
275,,,,,,0
276,-1.0,250.73,237.059998,278.0,False,286
277,,,,,,0
278,,,,,,0
279,,,,,,0
280,,,,,,0
281,-1.0,240.73,230.10001,283.0,False,285
282,,,,,,0
283,,,,,,0
284,,,,,,0
285,1.0,256.32999,238.0,291.0,False,296
286,1.0,271.28,249.52,288.0,False,295
287,,,,,,0
288,,,,,,0
289,,,,,,0
290,-1.0,271.82001,260.56,292.0,False,293
291,,,,,,0
292,,,,,,0
293,,,,,,0
294,,,,,,0
295,-1.0,261.51001,252.0,298.0,False,298
296,,,,,,0
297,,,,,,0
298,,,,,,0
299,,,,,,0
300,,,,,,0
301,,,,,,0
302,,,,,,0
303,-1.0,247.53999,244.34,307.0,False,307
304,-1.0,233.89,232.21001,306.0,False,306
305,,,,,,0
306,1.0,244.42999,232.21001,0.0,,0
307,,,,,,0
308,1.0,259.63,259.45001,0.0,,0
309,1.0,272.42001,259.54001,312.0,True,312
310,,,,,,0
311,,,,,,0
312,,,,,,0
313,,,,,,0
314,,,,,,0
315,-1.0,279.81,277.73001,317.0,False,318
316,,,,,,0
317,,,,,,0
318,1.0,290.0,277.92001,337.0,True,337
319,1.0,311.5,289.79999,337.0,False,337
320,,,,,,0
321,1.0,337.0,322.20999,323.0,False,337
322,,,,,,0
323,,,,,,0
324,,,,,,0
325,,,,,,0
326,,,,,,0
327,,,,,,0
328,,,,,,0
329,1.0,347.32001,347.26999,333.0,False,333
330,1.0,355.91,343.17999,333.0,False,334
331,,,,,,0
332,,,,,,0
333,-1.0,356.0,348.019989,335.0,False,404
334,,,,,,0
335,,,,,,0
336,-1.0,343.040009,324.54999,340.0,False,348
337,-1.0,327.32999,305.5,339.0,False,344
338,,,,,,0
339,1.0,310.67001,305.5,354.0,False,354
340,1.0,322.5,309.82999,342.0,False,354
341,,,,,,0
342,,,,,,0
343,,,,,,0
344,,,,,,0
345,,,,,,0
346,,,,,,0
347,,,,,,0
348,1.0,340.44,332.35999,350.0,False,350
349,,,,,,0
350,-1.0,340.44,331.049988,367.0,False,383
351,,,,,,0
352,,,,,,0
353,-1.0,317.5,305.89001,355.0,False,364
354,,,,,,0
355,1.0,312.76001,305.89001,357.0,False,357
356,-1.0,303.82001,296.14999,358.0,False,360
357,,,,,,0
358,,,,,,0
359,,,,,,0
360,1.0,305.64999,300.14999,370.0,True,370
361,1.0,312.67001,310.48001,363.0,False,370
362,,,,,,0
363,,,,,,0
364,,,,,,0
365,,,,,,0
366,1.0,326.88,324.34,368.0,False,370
367,,,,,,0
368,,,,,,0
369,,,,,,0
370,-1.0,328.67001,323.63,372.0,False,381
371,1.0,315.69,310.14999,374.0,False,375
372,,,,,,0
373,,,,,,0
374,,,,,,0
375,-1.0,311.62,309.31,377.0,False,379
376,,,,,,0
377,,,,,,0
378,,,,,,0
379,1.0,316.16,312.45001,389.0,True,389
380,1.0,320.98001,320.47,389.0,False,390
381,1.0,334.14999,322.39999,383.0,False,390
382,,,,,,0
383,,,,,,0
384,,,,,,0
385,,,,,,0
386,,,,,,0
387,,,,,,0
388,,,,,,0
389,-1.0,327.85001,324.89999,391.0,False,391
390,,,,,,0
391,1.0,335.029999,324.89999,396.0,True,396
392,1.0,343.72,340.25,395.0,False,396
393,,,,,,0
394,,,,,,0
395,-1.0,349.16,348.75,400.0,False,400
396,-1.0,340.26001,333.32999,398.0,False,400
397,,,,,,0
398,,,,,,0
399,1.0,344.67999,343.32999,402.0,True,402
400,1.0,344.84,338.89001,402.0,True,402
401,,,,,,0
402,,,,,,0
403,,,,,,0
404,1.0,370.23999,356.32999,0.0,,0
405,1.0,402.42999,368.98999,0.0,,0
406,,,,,,0
407,,,,,,0
408,,,,,,0
409,,,,,,0
410,,,,,,0
411,,,,,,0
412,,,,,,0
413,,,,,,0
414,,,,,,0
415,1.0,439.5,435.35001,417.0,False,420
416,,,,,,0
417,,,,,,0
418,,,,,,0
419,,,,,,0
420,,,,,,0
421,,,,,,0
422,,,,,,0
423,,,,,,0
424,,,,,,0
425,,,,,,0
426,,,,,,0
427,,,,,,0
428,,,,,,0
429,,,,,,0
